-- phpMyAdmin SQL Dump
-- version 2.11.2.1
-- http://www.phpmyadmin.net
--
-- 主机: localhost
-- 生成日期: 2013 年 09 月 26 日 05:16
-- 服务器版本: 5.0.45
-- PHP 版本: 5.2.5

SET SQL_MODE="NO_AUTO_VALUE_ON_ZERO";

--
-- 数据库: `student_manage`
--

-- --------------------------------------------------------

--
-- 表的结构 `course`
--

CREATE TABLE `course` (
  `kch` char(3) character set gbk NOT NULL default '',
  `kcm` varchar(50) character set gbk default NULL,
  `kxxq` tinyint(3) default NULL,
  `xs` int(11) default '0',
  `xf` int(6) default '0',
  PRIMARY KEY  (`kch`)
) ENGINE=InnoDB DEFAULT CHARSET=utf8 COMMENT='课程表';

--
-- 导出表中的数据 `course`
--

INSERT INTO `course` (`kch`, `kcm`, `kxxq`, `xs`, `xf`) VALUES
('101', '计算机基础', 1, 80, 5),
('102', '程序设计语言', 2, 68, 4),
('103', 'JAVA程序设计', 4, 82, 4),
('104', '软件工程导论', 4, 82, 3),
('105', 'AJAX', 4, 80, 3),
('206', '离散数学', 4, 68, 4),
('208', '数据结构', 5, 68, 4),
('209', '操作系统', 6, 68, 4),
('210', '计算机原理', 5, 85, 5),
('212', '数据库原理', 7, 68, 4),
('301', '计算机网络', 7, 51, 3),
('302', '软件工程', 7, 51, 3);

-- --------------------------------------------------------

--
-- 表的结构 `login`
--

CREATE TABLE `login` (
  `Id` int(11) NOT NULL auto_increment,
  `xh` char(6) character set gbk NOT NULL default '',
  `kl` varchar(100) character set gbk NOT NULL default '',
  PRIMARY KEY  (`Id`)
) ENGINE=InnoDB  DEFAULT CHARSET=utf8 COMMENT='登录表' AUTO_INCREMENT=3 ;

--
-- 导出表中的数据 `login`
--

INSERT INTO `login` (`Id`, `xh`, `kl`) VALUES
(1, '071001', '123456'),
(2, '071002', '123456');

-- --------------------------------------------------------

--
-- 表的结构 `manager`
--

CREATE TABLE `manager` (
  `id` int(10) unsigned NOT NULL auto_increment,
  `name` varchar(50) collate utf8_unicode_ci default NULL,
  `sex` varchar(20) collate utf8_unicode_ci NOT NULL,
  `age` date NOT NULL,
  `login_date` date NOT NULL,
  PRIMARY KEY  (`id`)
) ENGINE=InnoDB  DEFAULT CHARSET=utf8 COLLATE=utf8_unicode_ci AUTO_INCREMENT=2 ;

--
-- 导出表中的数据 `manager`
--

INSERT INTO `manager` (`id`, `name`, `sex`, `age`, `login_date`) VALUES
(1, 'admin', '男', '1986-04-18', '2007-05-03');

-- --------------------------------------------------------

--
-- 表的结构 `score`
--

CREATE TABLE `score` (
  `xh` char(6) character set gbk NOT NULL default '',
  `kch` char(3) character set gbk NOT NULL default '',
  `cj` float(6,1) default '0.0',
  `xf` int(6) default '0',
  PRIMARY KEY  (`xh`,`kch`),
  KEY `kch` (`kch`)
) ENGINE=InnoDB DEFAULT CHARSET=utf8 COMMENT='成绩表';

--
-- 导出表中的数据 `score`
--

INSERT INTO `score` (`xh`, `kch`, `cj`, `xf`) VALUES
('071001', '101', 85.0, 5),
('071001', '102', 88.0, 4),
('071001', '206', 86.0, 4),
('071001', '210', 86.0, 5),
('071003', '101', 82.0, 5),
('071003', '102', 80.0, 4),
('071003', '206', 81.0, 4),
('071004', '101', 90.0, 5),
('071004', '102', 84.0, 4),
('071004', '212', 89.0, 4);

-- --------------------------------------------------------

--
-- 表的结构 `special`
--

CREATE TABLE `special` (
  `Id` int(11) NOT NULL auto_increment,
  `zym` varchar(50) character set gbk NOT NULL default '',
  `rs` int(11) default '0',
  `fdy` varchar(50) character set gbk default '',
  PRIMARY KEY  (`Id`)
) ENGINE=InnoDB  DEFAULT CHARSET=utf8 COMMENT='专业表' AUTO_INCREMENT=3 ;

--
-- 导出表中的数据 `special`
--

INSERT INTO `special` (`Id`, `zym`, `rs`, `fdy`) VALUES
(1, '软件工程', 150, '张三'),
(2, '通信工程', 131, '李四');

-- --------------------------------------------------------

--
-- 表的结构 `student`
--

CREATE TABLE `student` (
  `xh` char(6) character set gbk NOT NULL default '',
  `xm` varchar(50) character set gbk NOT NULL default '',
  `xb` bit(1) default NULL,
  `cssj` datetime default NULL,
  `zy_id` int(11) NOT NULL default '0',
  `zxf` int(11) default '0',
  `bz` varchar(500) character set gbk default NULL,
  `zp` blob,
  PRIMARY KEY  (`xh`),
  KEY `zy_id` (`zy_id`)
) ENGINE=InnoDB DEFAULT CHARSET=utf8 COMMENT='学生表';

--
-- 导出表中的数据 `student`
--

INSERT INTO `student` (`xh`, `xm`, `xb`, `cssj`, `zy_id`, `zxf`, `bz`, `zp`) VALUES
('071001', 'admin', '', '1987-01-10 00:00:00', 1, 50, '', 0xffd8ffe000104a46494600010101015e015e0000ffdb0043000503030304030504040507050405070907050507090a08080908080a0d0a0a0a0a0a0a0d0a0c0d0e0d0c0a10101111101017171717171a1a1a1a1a1a1a1a1a1affdb0043010606060b0a0b140d0d1416120f12161b1b1b1b1b1b1b1a1a1a1a1a1a1a1a1a1a1a1a1a1a1a1a1a1a1a1a1a1a1a1a1a1a1a1a1a1a1a1a1a1a1a1a1a1a1a1a1a1affc00011080320023803011100021101031101ffc4001d000001050101010100000000000000000000010203040506070809ffc4004c10000103020402060706030703030207010100020304110512213141510613226171810732425291a1b11423336272c1d1e1f0081524438292f12553b21634a2446317263573c2d2e283ffc4001b01010101010101010100000000000000000001020304050607ffc40037110100020201030205010703040203000000010203110412213105411322325161710614334281a1b12391f05262c1d1157243e1f1ffda000c03010002110311003f00f6a9659bad7f6ddb9e2beb3f286f5d2fbe7e280eba5f7ddf1280eba6f7ddf1409d74defbbe280eba5f7ddf1280eb65f7cfc50275b2fbeef8aa0eb65f78fc50275d2fbeef8a03ad97df77c554275d2fbe7e254075b2fbeef8a04eb65f7ddf14075b2fbcef8a04eba5f7ddf1542f5b2fbc7e280eba5f7cfc501d6cbefbbe289a1d6cbef9f8a1a1d6cbef1f8a05eba5f7cfc50275b2fbe7e280eb65f7ddf14075d2fbeef8940bd6cbefbbe28a3ae97df77c4a213ae97df77c501d74bef9f8a03ad9bdf3f14075b2fbe7e280eb65f7cfc501d6cbefbbe280eb65f7ddf1409d6cbefbbe280eb65f7cfc50275d2fbe7e2883ad97df77c4a03ad97df77c51075d2fbeef8a03ae9bdf3f14075b2fbc7e280eb65f7ddf1280eba5f7ddf12813ad97df77c501d6cbefbbe280eb65f7ddf1409d6cdef9f894075b2fbeef8a03ad97df77c4a04eb65f7cfc501d74bef3be2884eb65f7ddf128032cbef9f8a03ad97df3f12a9a02493de3f150d17ad97df77c55075b2fbeef8a03ae97df77c50d0eba4f79df14086697de77c5037ad9bdf77c51344eb65f7ddf1280eba5f7cfc50275b2fbe7e2501d6cdefbbe28a4eb65f78fc51075b27bcef8a03ad97df3f14344eba5f7ddf155075d2fbe7e28ba68cbf8aef12b9bb1a8a4440811008040204402a0b20440204440a8440a8040a100a01506a88440881502a0344088110080402010080402044088854088150081100804020110880b2044020102591020100815008a45502044088110222040880d1142044022041a737e2bfc4ac3b188a1102010080408804088040221150880540a0150aa0100a811088040881502a04402010081100804020100811008810088114590081102a01022010268880204402010080402215148810aa810081a8811488844088a1102291008041a737e2bff0051587531008045080441aa04402211142a81408811502a05028406880402015408110220102a010081102a01022054020102201022204020540881502201008110088440201022054088040a80408805508804088040d28111088045081110a8a10694df8aff0013f558753102f8a8a11088054081102201102a02a04280b2a0409640a80402a040220409640880e28a54408a1102010080405900812e80402011020102a0440201022010081102205440811142011020440220540811008040881102204408804408a100834a6fc577ea2b0ea671452a810a2054175142a84408804408a110880542205402010080402a0e288440201008a0220452a20402010080b202c81b6b6df040037f1e48854088040a8040204409cd005022a0500804020100811102044020100aa04020440140d408813c1008110174408045694bf8aff12b0ea6201407d15020100811022015022028a6a20e08008150080540102a8138aa0440804022840220402010164020100804408a42d05109a8efef40bba0440a80d100811027b5e4815022a1140a8040880402011088040201108a8100802811034a211008a440880402215068cdf8affd4561d8d5148aa04020440201022015422010220440a81500804020540203c5502211008040590081502201008040a81102d900804430b788d0fc9000eb63a140e4088028040c7ed7e48872aa44078280b220450804020444080402044422a0405b540206a04402210a0445222040205283466fc57fea3f55cdd8c5405008111022840a811022045502044020102f040205406880540a0100550220164020100804068812d7406a374428b2011420544217346e5030cd17bc81a6a29f8bc0f1d103c647b7421c0f2d5035c7abef1c903048d79ed767930e87cd03cb4b756eade2dfe0816e0816d41d91071452374397e0814aa044228a4b8405c2214228402044408a110880550880f040880408884281102202c8045220111a537e33ff0051faac3b185402a040220450802811022a84280409f5402054020102a010080542a81150220d50080d5008040a80b2214040160e2813ab93d8f9ec818e7c80dbb3de7fab20ad25640df5a5b91c2d65443f6c7bb58e30470bdd34a6b5b5921b67633f2b5e1a7e4aa25fb0b8fac647783cb944da07d1d1c64ecd7712ebb7ff00934aa6d1fd8ea237f58da991deec21f9cf8d8ea8bb3fafae712d637acb6f1bfb0f1fe9726828c4a583f16191ac1bb876c0f86a1455aa7aba7987591383987d6b70ef445837fe6a0475cb6e371b2051622fcd109e0aa8ca3c5442a29b98772219999cd0383dbcd14e4088810081100802aa1102201022042884d10220440201142234a6fc67fea3f5587635402042a8100804408a4408803baa82c81101650080542a0100102d90081502154222040a101640590005d10b76ec353dc82bd5627434a0f5f34715b7cce17f821a9973f5de927a3f035ce6c92c8c6fb5144e2d3e06daf92936d3ac61b4b9ea9f4b2e90ff0086c36aa427674cf6c2cfaac7c4fc3b4717ef2e7b14f4b98d90f6b4e150f2124d2bcfd571b723f30f457871f6b39eabf4bd386b5f575517da5a7f0e986565bb9f6715cbf7b778e17da3b291f4b3519c3e295ac75fd67b7ad0477e9bf92cfef6dfee4923f4cf5ce89ce757b60909ddb4fd8f8662afef7f9667811f62c7e94b149e1ccfaf86a39f54fea9d6ef0558e4fe4fdce3ecd3a7e9b4c199628aa9d9b50f1520ea7bf4b2ed19bf1fddc6d83fe69ad87f4d5f98472c75b9afda8849727bcee4ae95c9f872b60fd1b186f4de83ed45acac928dcdde0ab8416e9bddccc8e1e2b7f123f4719e3cfeae95bd24925a7ce58caa6eec929a6127c03ace1f35b89fb384e3fe8752f4a69e77b6373d8d909cad2e395de1e29b271c9d552301ebfabd8fe3c2728bf8855217709c6e473becd545a0ff00933f0783cf910a130d5fbc63ae002ddfb2518344adce631eb3b5683de81d9b835a5d6dce8813af61361eb8dd9c4205c8e3eb1f20a00863786a81bd9b5dfb2a184b1deac77ef40d11548d1aeca391d502e59bdb908ef081d965e0fba050e7f13af7a81733b88f30816e0edb2015421408810a010222110081a804022841a52fe2bfc4fd561d4d4020440201022010080409c5102284408a10081150a88102a20452a0455020100816dc5108e786333b886307b6ed02239ce917a40e8c60f097d5d6c7191b758753e11b7b4562f96b5f32ef8f8d7bf8879c62fe9e7edd21870f6ba3a4bffeee421a1c3f4ec02f34f2f7e3c3df5f4ed79f2e03a4be93eb5f33becf23191ffdc1daf8139be4bcd97953ecf761e1c7bb96ade9fe273b6d356544c36cbd6100af3ce6b4bd1182b1ecc1aae915539c435eeb1f673172e7ddd3b291aead90f65b239feeb429a5d9032b7db0211f9dfafc05d5d26d3b1ad3fe63e47710d07f8ad74b33649f6782f6b1cfee83af9957a53a8ae652c67ef1c43b80173f24d1d4b34735631c3a8abc9feae1df7d95d24cadd3f4a2a295ed12bbac679b4db985b8b6999a6dbf4fd3c95f0454d3ce72c6ebb2397b4058703debb467709c1eee8308e93c0d9d91d34b261cf9ed95ec7174373eb77d8aef5bc7e8e17a4fbf774983f4ba0aca96d1e2b0412c4e70659c72090f03d6b6d90f10bb572fb4bcf6c3aef5749fdeb4f40e8a4a3af91adbf572d0ce7ac7c76db5376bdbc2f75d76e1d3bf30b95b8e08432a8477a67383676ed6ef0d71f64f2365aea738a6dd4e118a03035f04e6688e9d5f66ff00e9fe0b4e168d35bdb8de0b6689fc763aa32229ad1d98738bbb37bcdd78a8263031cdfcdc241ba81a262088de3ef0fab6d9c8a6be539b2346670dcf01e281d1c1ed4873bfe5e4825b208cbdb7b0d4f20883b647003e281a6175fb2e23bb82a132b4e8f27e2813265e24b7c5029899eb377405ae342500738e17f04400828040880408811008044222950694bf8aff00d45737531142a13822040204402010081100a8100a01008055020102a0540201105950a1a510ca9a9a4a56e6a995b1f20773e03743cb8ce98fa62e8de0032341aaaa2dccc886de637f8ae197915a3d983837c9f88790f4cbd3bf48b1405b4af1451b870dfcb8fcd7832732d3e3b3eb61f4da57cf7799d7e313cee74b2c8ea891daba571bfcce8179665ef88886555e393967565e328dadda23cce8b22a3439ff007a7c89d4fcd5d26cbd54b31db41c787c55676b029e9d8d2e3275837d3b2df35447256585a3194701eadff7f8a20829df20eb6521910d4bff0082d26d3fda033eee99b771f68abb67464b33a18ce522fed3f7d790536aad23dee6925d959cf89f12811bd98a57bb2b8e51940d6e6fc5515ccd267f58bb37b2edecb2adafb17f86a797f0e6b0eb07b3d93940f82ebd2e5d62ae791b05388e42d6c77119bef6d42ccb50d9a2c72574801b3b2b5b6078166c575addc668d41d297c6d923173265ca0f269e1deba7c473f86961e916768fb5e6ab7df2461ee70006e08d74b705a8b33344fd15f49789e175223a59baecb29eb2079cc2c4f026e36e3cd5c79b5e19c9c78b4777adf43fd27536215359d53335364eba3ce46c0ea38f687cd7b69922cf9b978fd2f4581f4b5523a38dcd74872cd9d9b8649ab74e5a2e8f2a46627042f2c07ac17cb95a45c3f96bc0fc8a9a5319574d28eaa43d54ae3eb1b5efc329171e0a8bd4f188e231bbd76eaefcd7f69650769aded765a36277411b8b4fe23801caf6411fdbb0e1a09a21dd9822e8a6b28af633c40fea0868eebe3e0f16443b3c6fd34280b16eda8e4a86b4806c363b221c06a50081ae6eb71ba0469047ec80408500811008040688041a537e2bfc4ae6ea62284422a0b20100811008040880408a8110aa2840a8835542a0100803b840e01111c93c7136e6e7b82ba470dd35f4bd81608c7c3d7992a9bbd3d35b30bfbf2ea1be572b865e4569f997b78fc1be4fc43c77a59e96f19c47ae01e2969c7b11970dffee48ebc8ff05f3b2f2ad6fd1f6b070694fccb80a8c5279bac70ccc6eeea97ee471d0af2bd8c79f10275841207f98ed8ff001574ced56491d33f354bdc5becb7f837644586411305c47679d8b8ddc3f60ab22abecf00cf50ebbf8378a6c46c9649ce6737245bdbbb994114dd7ccf0d6765a5da735a44d49410092cf76676f238fb2ac249279df5b56228fb34f1e9e002026a98e216886627828695a52631d6543803cad703c0735445148d9afd9cdadeee3c06fdc8237544cf9f265b5eedb0e17514fa585ed91825fc4d6cdfaab10cda5bd3497c8c768d701afead1759973885497b313e276f10664f02b0d2cc04366cc059d62cbf86a150f9aa1dd7d4e6f50580f0b0fdca6cd1f49883a29237bec7aa6d883dc7f9ad56ec5aa6c553412e2325552dc47da0de61b7d96baa37d99d4ebbba8e84f48a6a1c4e08fd6a773b2499b67e61721dcbb976c39352e19b1ee1eb1d1be9dd451623571b241235b46e8e9e72f11c418dbba2323cb4ea766fc17b62ef9d7c3da18d5be90f13aac1e9a496ac3208a1fbc7451b7ad791bb876410d0e75b5f58ac4e4ece95c3113e19a3d2863cf7450d255c947d5b6d50dad7930bdfecdd8459a78d972f8dfd1dff00758fd5a5857a74e98d106438dc41ed0ebd2560610c22f6f6bd66f86aa7c7b57eaf093c2a5be9ff006750df4a0daceaa6aba965340e6dcc8d775b72770cbe5175de3343cb3c59f6745478bf422b030c55d1d5975866eb3b42fef34b6ed5d232567c385b1e48f30d5a2c23a3f2b4be9fec93b0ff00da78d7cf42b5b739ea4eee8fe16d70021ea5fbb7300f69f0255da7549ffddee85d9a3748cfff006dc48ff63913656c95add648d9551fbf1f6641e2d4558a69db337353bf3dbd68dda38207939ee468f1b8510e89c1e0940f4096443767f8a010220102201016402014468cdf8aff00d47eab0ec6228405d10204540810a0100811008134542a0140205442a0554080403f2869cda725518bd24e96d060942fa9ae7b236b05c0cc066e5606c4dd66f78ac6e5d31629bcea1e25d2df4c5d24c67aca6c26f454ae3da96fa91e3fb05f37372ed3e3b43ee71fd3eb5ef6ef2f3f92796694b699c6578d6a2ae4e7c5daecbc6fa2c4aec52064c046e13cc363bb0778e7e254496455ba670cf53265638dc34eb7f06f1fa2200c96700c6c366e85e6da0ffc42a8929e16c4e16b3a5e2780fe2540951582289ce60bb8eef2829434ce9a435337a8377bb6fd2c1f555165c4d8322179243bf87ec1541903186ceed9f5a4e7fa7f641338648047972c8ef5b9dcff00c2a8ab19eaa9dc19eafab9bebaf32a2a09a6310196c6477aa380ef55141c1d3cae7bddd86ee7fae6b2d2c523c19f43a33536161fd155133a07410dac4cb29d3faee5b63dcf918deb59505df7718373c4b87f149585baf90f5b4fc1b619be254da125797d7cade20022fc45ac8ab31d8ba2d6db127e43e9654255939a637f5adff92085d25a02ee43e40a24c29e152658adb6773afe16ff008482cb9fde0f86a9b16cc9059fe3bad6d9e96bd0e2f3b59331b218d8e69611b03c174addcad8cca2e9455cb47246fca73119af7d5b168c0edae341a735a8cb2cce2ee823c4ea0c2da57553a66bddd6cf19d18d77ee5739975ac3560c6c398ca7c40baa2859d966bdb671b0bec917f69f04d3de3cb5302c4e0c22b5eca9a58aaf0eab176c8f6894b5bc1cdd458f3bf8ae98efd13f8973c94eb8fb4c3a3ae8850b59353c0fa291d18395d34577b6f70e6db378eabd16888fc7f579a93bfc9b49d29aaa691f34788cb1bda7ee98cca5a3892e6ddc2fe1a2c7c4fcb538b7ecece83d3763b044dfef0c3a39a99b66baa29dcc6b8f7ba2b967c2cbac6798f3dde5b70ab3e2752eb701f4c3d11c4dc2365418e5234824696bc7c743f15d69c8ad9e7c9c2bd5d6d2d5d0d64626a794381d048de0791fe0576796626054d266903c9ea6a3d8a86faaeee72a1d14cf79eae66f5754df5793bbc730a2a48dba5bd573503c1be877442a06bbd6088102590220100a01022a04468cdf8cff0013f55cdd8d452201102a0408811008040880402a0502a21102aa15028502d95436499918b9b93c82a9b70be927d2861fd14a731bc8a9c6e417870e61d2269d9f3bbd91ddb95e7cdc98a76f32f6717876cbdfc55f3de33d29c731dc4a4aec46774cfbe66c6748da7b9abe55f2cda772fd162c35a46a19f34b254445f249d5c2340e3a836df28eee2765cdd18d533bab07d9e9cf5746cd5fdaed3bf3caee00f0f922331d2f552da08fad97d86ebf137fdd1123299d71515b2758f22f9761e5ddde81bd749506d7cb08d9a36f20a07d43c454ef9247696f33e0aa29c14d2b8fdaaac1cba18e33a000eda2ba4d9d9a5aaa9f5bee61ecb390f04165d9633a5b30197b9ad1c3f8aa86d36596665f56937fe68a6e2350e6b4861fbc95e5ad3c801aa22bcf206c3181eaea4f8f1f820af23733df21d982df11b04104d246c6c6c6ee75b72bec8a9e920786c99b902ef33d90aa2ed4b5c58c8da7ef1a3b3de0ee1594367b98256e973da68f3fe1aa826a96e6a689e0dec4ebe1aabb114b211511483d6eaee7cb70a0b2656c7511476bf5ba8f2d7f64583eb4beef274f575e76ba6c5695d6a7dae4b75f025565528896ce75f56317f179bfd148591564b9e646f3ccdf9841a01c7d9dbaacc3c4ad6d9d2a891cc9035b66b4b6faedbdfeaaed3464e49786c7d963cdf37125454f0d6b8baf7f57b0f1ddb8526561a90626ff00b3da36d830de468f5ac79f3f15aeaeda4e9eebcec5e465235ad731d4beb5df7d34b5bc96ab7eda62d4efb362c59ecdea2cd1a3656b45b21eeb6aaf51d2b8dc41af735b4f531c85c46681f9a2eeb13703868aefeccebeed48b12787523e60fa5eabf0aa1e0cb4ee234367b00781f15d227c6dcf5e75dffcba0c0ba7b5d87e21f7f2642358b1181f9d8f69d32c8346bc73b8bae95cda9eff00eee393045a3b7fb3d73a2be92e37c6ca6c718c6c72e9056c6eeb29a51dced4870e2d76abd95c8f9b978fff004ffb7bbad9e264b087b24bc3bc52837747fc975790b4350f9018e6b36a233a91b11c08ee28ab5eb0bf15000fc510df6d02a0440881102a8115020441a337e33ff515cdd4c450802884baa04020102201021402a040b65102015028178aa1c02052eb1ca0667dafc801cdc780465e41e96bd37330a63f0ee8f4ad92b6f69712d0b5847081badddf98e8178791cbd76abeb70fd3f7f35fc7d9e0724b5d88543a79def74b23af2c8e25ee2f3cc9dddccaf9d2fb911a598a0a711bdd2b4f54c2763bf9efe278a910ac6afc45d55239c5e590c472ea3b0c1c1ad6f12797c556659ef3d7d9af7fd9a903aed60ed3dcef7881bb8ffc222733d3d153658da73bf5766f5bc0d94d8a369aaa6b3b5713ea70f3412cb2345a9213c72be5ef76f6f0503a2646faa766fc28059ade1dc4feeb4ca0a891f2cb91ba31bbf8a0b1016451b6c2e41e1cf80414eb1e5ce6c0c3da79cb71f341768006bdd92fa30b87737d56fc9514fd7924770639a07871f8a08b26789d7f2f8ea3cd111d53bd66dbb27603b8208db0035daeb723e01177d9a3134463b66eecf7778f0f82ac9950d91cf89fb383416f9a2899c7ae0f1cb379916fdd4160d8503adae4980ff49bd90557bfb406ee658dbb8e850589585d554aff0057207a2a798de9de0facd75beb65055a8932b2266b7cbaad2201396d24e46ee394683fad1361946f0f864cd6bc6091f41f3520985ac3ea1ff6785ce1ce37788ba4128a7d2aadeeead3ddc55431f6ea1c09f50d8f85f7f9aa1206eb28d9f619bc79fc9412c73c808963fc467b3cc716951a6ad34f4c4686d04bad8fb2e2aa69118cc2e7424ec6ed1ddc969923dd67870b97b74279841661c6aa2188c4ca99238cd888c9bc67c5a74ba75693a225728e593ac3344039835958d203b5e21a74f82d47dd27ecd8e8e749eae96b1eda47319d6ddb574151f8151fa86cd3c9cd371cd6e99353f6ff00cb964c7131ff00370f65f47fe92d90d098a564df64888ebe37d9d3d2b5db13ff00761b9b077d0eff0047165ecf93c8e377ff009dff00fdbd1bed94ce647554ee6c90daf999af64fecbd0f069a01e065783763fdafa1510f769af24520dafcd10204280402811026aa81402a3426fc577ea3f55cdd4d450811102a138a01008138a00a04402a81452a05402a8140a02a1d24914313a595cd63182ee7bb4000e24f244f2f05f4cbe9c9b3c72e0d813c8a2daaaa4765d39dac388677715f3391cadf68f0fbbc2e074fcd6f3fe1e39494d5b5b30a9aae2ed01dcdbbb905e37d468ba012bc35ee0ca6b125db1706efe0dbe9de8ac1c431292b267362718e06f6730df4e0d1cd46596f925739b1442cc8f4037633993ef38aaca70f8a918720cf33b77bb559db4a8f0f77de3af99c74771f2444d2c869223147a4ef6de43ee83b0f12822a5a76c4d1ef1df5d75e7e2aa267de369e40ddc79bb87c15444db460307ae7d63c6e51534d962b341d2117711efa228be4cb2cf35bf081645faddc5156e0718a82a5c0f685981114e91dd824fb42c7c4f140d97331d92f6234f31aaa8654372dafa1fe692425819fe2df291f776ce077704133cde489a78ddc7c114b3765b0b9fa648b5411cd29b0e008b8f21c5059a5697e1b50df78758cf0d0fd420a8c70355193b39843bf6417e1bbbab07760361dee3cbc90292d746f76e73652829d438f67f2023e02ea0ab269421bc4b8bbf64050b9b1b0b88ecbce5778209a9816472b0fb2fbdfe1afc103f10f5d928dcdbe3b1550189afe3d890107c402a88a22e11e7f6d96bf928498c20ce78176edefeef10a2add3c83b51dee0ea0aa2f17b66a76bf77c7d972424c1833bc5b4cfb0ef551109dbf872b43c7abda4d9a236a9b4d9402e6b83bb0fbedc40456a5162b4cf0dfb6c3d7c1ed98ce495a4fb4d773f92d56ff762d4fb766950748eaa8e588415673406d4d5ad1a869f66461d1cd20ead2b717d3138fa9ecbd05e9dc51ccda0c423104b237ae6cd4a73c6e89dfe6c1be768bf6e33a8f1dfe963cded3fff007f47c8cfc7f78fefff009ffdbd3707ac9a373e86a72bd96cf04ac378dec76c5abd4f9f66b43266ecbb76e9e2a3278deca295108811008110165022a041a337e2bff515cdd4c45081100aa040204408804022045088102a0150a140f1918c32484318c199ee3a000712aa3e7ff4d7e99995fd66138638ff0076b3f1251a759cbc472e6be672791bed1e1f7b83c2e8f9ade5e371534d593fda6a85dce36a6a7bea4f32bc6fa4dfa7a7fb3c79890f7b8001db0d343e5cb904869ce62d8a3ea657434eecb00367c837b6c00fd828ccb2a4ed5a16df2df2860fa04458ea452c603add6721b37bbc545d29997b46470bdb9ed7412c61ae8cd64972d670b684fb2c6fd4aa8869db23f34f2fe248ecdcfcd04b0deee906cdfe85d104ae1044d0e399cdbbff00d4789fd904540d395d5321d2317f17140925db101fff00d1f7e2780f8a08b38742ce3ab5cefd5b2a8b1888eab0f6b7673dc5c7e282b46d0236fbae77d3640c9ce71d68e24b6ff987f240ca9bc9d5bfde6f6bc505a6b49606fbc001f1fdd5096b3e470dc0b37bb4b2816b039d4b13fde197e04a0af33acc6bf836ed417b0d9599fa9d9a1b93c6e105675a1963e2dbe9fb20b90b8b66849f66f9bc820482e5d20ef61fa8455696ee8e43c73382221adb650cf76ccfebe282170cb0b59f1faa0b4c92e1923b5638657a2a491864a52dddd1923cae888607121c06e1c1c3c8ebf2412b1a32e9e047720a73b0879e6db6a8266c9d6343bdbe7f50506842727e97b6e7bec81496890876ac768ff076cf0aa2ad4c3296976f33410e1ef16f1409493b6ae22c23ef19c3de6a8a563dd13ee0f65db78f7a0b2d91c5a5cd3fa9aa8e8301e905db1d155499220735354b749219783811adb838710bad327b4f871be3f78f2f5df46fe932693106e178b48c350cecb671f86e1b7580fbaef6bbf55f470723bf4d9f2b95c58d7555ecb13cbc170ecc91766569e1cafdddebd8f94b51ca1edbece6e8e1c56552221a810a0100a04540a0441a337e2bfc4fd561d4c45080406e8138aa844020102220402aa4510e452a04550f01a05ce88cbc6bd39fa581031dd1fc388702dcd586fecec0388e67d91baf0f2b3ff2c3ec7a7f13f9e7fa3c126944f526a6b0190dfb0c2789dc95f3f6fb1a6c5061cf6466b6a4d9ceb3628ef96c38051a86463f8948d2ea68df99efb8bfe53be9dea132c38f52218fd7d6d6dc7324aacb463821c3da0e4cf56ffc30ef641dc95255465ed937d4282030bea2a9b4708ccff6cfb2d088b18859ce65332e29601dae6e71fe28b286694d8440d8fb4470fe82a89d8cead8c65bb2d1d6bbc7d91fba0cf9e52e90fb4e2478222d4d186d2c309d73bb3c9e01155f1093244e6ee5fa79044329e302a04675ca1a4f8017fd950fc5eed64117260201e6500eb8c83dd06c88a4d97247dabe477ac07d7e282c323ff02cd89cc45f98e682cd33439f946c3776deaffcaa2ab333a095cd3ab4923cca82c7af4519f66eeb798ba08191e62d6385aeed50370e98fdaff3175fcd153d6c7db730fb325dbfa49ba09232eeb9adf798f2df169fdc209601abbf48d50558ed9fb5addf623e282091d984876766d0a086a4bbac1f940f900a227a621f164e0ef57c5156617bbad3ca51afea1ff0a881ff00755599a7eee419dbe7bfcc28895aced96f0fe8aa2ac8ecd9253c3b0ff0ba06b059c5a4db36dfa87fc28abb4b29b64f3f8a09aa096c2d93711e8e1f91dfc154365b860959ad8837e7fd0b841567659ce9e0d35d5a8266c82769f787ae398e610235ee69b8d79f784138732d9986ece5cbf9841b387e2352324b1c844b09cd0bf85cee08e4f1a15aad92d57d03e89bd240c5709643533b195348dc8f649a90cdb2b8ee5bcafb2fb3c6cd17af7f30fcff00378dd16dc7897a63656e669b6499c3b209d1c0700763dcbd0f0ad44f0f6070d8aca1501640880500810a2045684ff8affd47eab0ea622840201102a11022010220100882c800a8728158d255470de977a7ace8ee06f869ce7c52a864a763785f4d3f8ae1c8cbd31dbccbdbc2e3fc4b6e7c43e5dadfb449552d556bcbe42ecce71ed12feef3d02f8cfd27f858e8ed019646d5544776875e36bbd5d3da3e1f356112e3958e07b3da73b7eeee596e5cb81535f54594a33126dd68f1fa0e6b510e732dd6d250e171125bd6c91306671e04eda7eca4cac4284ed9de4d4d41fbf9f468e3fa40595666255ac888869ad9c7f9bcb991fc7e0aa2ee1b0fd928df25b2b9ff00ee292429cd2653722ef76bcf53c50578e5205c7e24aecb173ef2aa2f66bc55041bb585a2fc6f73fc1050858d25a75cdd6103bcf0f820b93863ab32b4f6631fcd066d649790bc6db468875207092493be3fdbf6545ec59b7c418e36ca0edc344152436981bfab6b7eff00550539a3395e361ecf7705516a9adf62ea5dea30efc6e45d0498717367903fb408043b86bba0af0ddb054b7da0df9dd4558a5ed61ae1c058fec82005d67483d91af89164113bb05b330696bffa9ba908346acb5fd5546f1c9941f0b7f35432ce12c7c835e079a0929eed8c177fdcb1f0b28a822d1f297fb2fb83e01115dcd7398f23dad4206cdda99fcff92a88a8df9433c75515a2eb8ed8fd43c5bbfcb5408f85969211bb0de3e763ad90319732137ec3d835febc10559c16975c788f14092873e2d3d666a825866ed3641c78723c506ac5d59ec1fc37dd8ef076c82ad1f587aca497d704b5bfa87f1551034f56729dce84f7b6e140c05ec7e6668e6dc8ef1c420b41cd759ecf51e3faf8208d8e31b9c46b1ed237977f97d15176191d1bfab26c1deab90741d1ec72b70aae8718a4f5a270654b0ea1c3f30ef0ba52f359ea8632522f1d32fa73d1d74c70be92617d431cd2e680626fb4de4df16f0ee5f6b1e68bc6e1f9ae4f1e71cf774b0b2489e721b35da98ced7e365d5c36b2d9013622cee47f6594390080502204440a8d09bf19ff00a8ae6ec6229110a815148811540811022010088150a81420a78ee314b84e173d6543b2450b0bde78d8701de54b5a2b1b96b1d26f6888f77ca5d35e985563f884b8954e8657914fa9b3226ecd68e67895f1af93abbfbbf4f8b0c523a63c39c8e927aeab07531c5ac86fc4ea7cedf05c9ddb6e960110819a4400cd9780df28f1d1495887375d2ba694d3d376e53769e57dac3c3894884b36e868198552454d06535b37ae7846d1bbdde1c02b33ec958664c2291dd739dfe123cc597d0c846f23bbafb2cb4c9afafcce74e34b36cd1c79288a587d299666ccff00c47bbee99fff002f25596e55f53035c5fab86819bebdea372c29df2492dbda76fdcab2587ab133e51ab601919cae74bfeeaa2d47ad3661b4c6ed1dc069741161f675464b76596737cb8a05a89081512f8fc7641992efafb2dba22c529b98c1d06eef85951a18938996278d3b214565575c3de78f2e2886bbb5670ff39b6b778dd04f487352d468459cd27e2887e1efb4ce1ff73423e8a84a784493c83636731cd3b6dba8a76199842f848f583c798ed04104a088c06fb46e7c2d60822696d9cc6eb6ed37c46e83428e3ebb041af6a37917f03708a77f9ba70077ef08867ff476f772ff005f25151d4d9a6678d88cc3cc2a887202c6e5d8e80f8206385de48e236f3415a2d64603b1ba0d2c36a3ac8b5f59a76eff00e634454d56ceaa56cecd58f196ff004fa2b288eaa201ac91bea93e433282ad7b76907b4066f11ff281b4f67372ece69d0f8f040900d5f1fbdb773bf9a0d0a27bdecb1df6ff005375ff00840fab6649e3ab6faaf21b20fcc3f88415b11671e2c710eef1c0a0863cd2442deb34efc5058a69a2616d886c529caf07fcb939fe975d544aff00b9959216f67d5907c903d80758ea67eed19a9cf36f16f92a2ed1cee8dd99df8730b3dbcf83be883abe84f49ebba3d8d327a490e41a39aef55ccef5db0e5e8b7671e4618c94d4be9be88749293a49829aca63f7f190e7b393fda1e06cbecd2f1687e6b3629c76d4b68657b469769d5bddff000b4e42ee668ed5bef72f1514e28845008040d4468cdf8aff00d4561d8c408a85514221100a81008110214408a1542840f1d919b92acbc27d3e74efaeae774769dfd887b55963b9e5a72baf99cbcddfa7ecfbde9bc6d57ae7dde1d34ceacaf31c7d98d9beba358361e278af0bea36695aeb9a668d7d7a83f30cf13c5155f1aae6d35388e2fc794973b8d9a372a2ca4e8de1515141f6fa81fe29e3b0ddc35bbdcf7df55af0c47736b1ee702dcc43aa07de91b88f979ac36c9c46a839c196fbb6dae00b68366b7959118f3e490bdce3689aab2d3c0a0b0352ed09f56fc1a05ec1495853c46a097f67cbcf72a0a22420e9eb3467777700b4ca6998c8b0966f77bae07873417e381c30c8643bddf7eeb9be8a8870d6b4e776c4b145579b4a1d6e7349af3e6aa2b3a2cf9b29df2df9edfc911343db2785980fcd05e766970d89dc59a11e06df4456455baf3916d8220a637832fb51bf3b4f71dd05ac3d8e0ea88f70f06df5088af87bc0a86df6d5a7c92156b28657bbdd7dcdbc5baaa1696f1cf66eb637febc9410d70b4ae6f01b7ec8acf0fc843c73506ce10e6b7ac889ec4c0d877d950b95e1cfe7ab0f8b54108cb9ea1b7bb5ad60b77977ec4a06d76941a0d40caef2544546e0fa623dc20f9150194e737e66eaa239e30c91bee9199bf1d5510d2cc21ac27d871b1515b12666c72476ec49db3fa8724094c18f1d4bcf61dd9d793b569f2282bcf110c6076f62d3e2de1f044548da73169e23fe0fc5039e5cd74752d1adf2cade171fc505e8a46473b4b3f026b0d776b86ca8d231e786a617b45c34385ff2f1f9dd4565d75c0cfbd8f6d05485d91f769b03c110eaea7c9db6faaf3b796c505dc3a51534a6270bb9ba1bf2544552c9e3393fcd84e684fe5e4aa2ef5cd928bac8cdb50e70e5c1df30106a61f54e747a1fbd66a1bcc72485777e8dba6f8a747715a6ada7ccfa0cdd5d7c038c478dbf2af671f24c3c3cbc1178d4f9f67d2b47554b594b155524824a5a96e78641a8e6beaf97e7262627529f71e3ba8236dd8ec87d53ea1fd9039022881148aa3426fc57fea2b9bb1a8a1102284422a044080453502a02c880205015191d35e908c0ba3f555cdb3a6899f74d3c64768df82e796fd35dbb71b0fc4bc43e40e91e273d455cb33e53255d4bc999fb9249b95f0dfabd6bb20c369853d36602f33cf1f78edf050868d0da3b5f560719257f1765d87fa9ff004525614a8e09712c45f52e17845806f3b6df35a8667bb46a27324992ff0072c1f78471eef059db6ccaea82e2e3ed721c94461d5ccecc2267acedcef6baac99061f1cd206bfb34d16af3c4ff32b48d1abaafb352c9c1f6c9181c2fbf9ac34c5a892c75d5d6171e5a0551039af20463d77b8191cab2d1c463025869c0b3638eef28ab74d9a5c1585c3db739bf15454c3f317d481b5ec3c9411d40ff0b1378bc975be655454ff00264772b0f321112d297fdedf5fbab0f2b22af5138bb0b1c7ef3e1fd59065d766ccf234b9b2222a277f89b70b11fba0bf4a7ab93c0fc8aa2946c30d54d1dfd475c1f1505f9e36de37edb107e47e681b09ec07fbba11e08a4af8f463f83c6577716a2329cdd2c7828abd864c7abfccc735dfc7e4aa35eae26b66cc3d5ddde68d323292fa937b5d9988e794a88b7511e6a2206a721b8f11707e4a8cfc25c3310786a7c06ea0b352c31d4c81a74dcb4f100eeaa20b5e00e1eb37311e1c6e829cc3ef49e07b43cd456f61b966a119b57c7a5fbbd9f968a82381ac94759a3412c70e441b58fc74409500f56f6387df42ef5bb9a7ff00eaaa283e3bb448cf62fa0f77da1fe9504ae8839af1ef6b7efe05036389f253b80d1cd3f02a8d9a27992063dc37167798b1ba8aa12425b9e393761b78b5051962731a08d4222c3489a89cdb6add42a29c357352d536a1a6e5beb0e16506cd6c31b9ad7c2fccd7b3344791dcb4aa2a61d2019e3f65ed417f0e2e69bdec4697fa283a0c1ebdd14a72e913c5dcce6388f23b2e98efa967253aa1ec1e84ba69f61ac77466ba6268eb3efb0b73cfaa4eb97c0afa5c7bea75ed2f8fcec3d55eaf78f2f67f6b95f71de17b5f1e0923039a41d3bfbd45358e2e6ebeb0d1c3bd02a211408551a12fe33ff515897635408a855022a0402010088445088102a07b2c05ce806eaa4bc1bd3b74e4d53850424b6260748eefbe83e4be5f372ee7a5f7fd338fd31d4f0ca4cb53389492e935247c87c9789f4d7269e416c9ebbaed8edccee7e0a2afcd68a9190c3ebb806b5bdfb7d4928278e99b494b15330de693b4e70e5c4a4908a67ded0c7a1b6671f04563e26f8a1a7cfed3efd5f2b0d2ff001465990372f69e333ceaebee380d3beeaa3569e9831ac73858b81730697b0e3fb24910cdc45ed7b8386cdf542cab3a50efb481fd6dbad3258dd964639a35cd76f21de88bb8d372cee3ed3da1a3c07fca4aa7a0d30b0e07d4cda771b2220c359962964f7a6b0ba06565ad00b7aad414656651977b9cde3c1113d366151234580b7689ef2a8b1875cd0c8ce4dcfe77fe6a2abc9136485f9b423ebc0f9aa8cfa6bb5f9f8a2b44903331bb82d6dfc351fc1111d6420b9d30d2eccaf1c88d905963f35146e22ed616e63dcefe682001e1cf23c5c3c1153540eb2965e6cb3c798b1446606195a40f5c7abdfdc81f42e11bb31f57b37f8d915d1483352104e62c391fe00e87e08ac7111eb5d9b67b1c0a22cb2ed6c4d3ee65779283329a2ea2ae48fdd2e17ee545fc4217be1eb9a3d5ecc87bb9a0a94bacbd51d9c37f14455a98246e76bb78f4f9ea82f60558237be193d4245ff4bb43f05606f56d0f58c320d5c5bdbfcd97d577c159814eb72ba26540b5f20127fa742b2ace2d3154cb4e7d5759f19e448d3c8f1444d48cfb9d7fcb7647b4fbaedbe0a83275752dcf7cae391e79f169417f0b258f0db5daf24783b71fba2c1714a5b3f38d5ae6dbf769524518a212b0b76d4d8f7f0f24440c698c6d6b1bd8a082b29c364ffedc8091e5c105ec10be7a496906b3c7774639db71f00ac089cdea9dd681a3bb43f50f5820b74b2b492ee0e0584f78d47ec835e8e5734b5ed3da6904798515b1495e69b10a76925ad73b3d0c9ff6e43ebc77e1cdbdebd38f23cf928fa63d1b74ac748ba371ba5903b1081a04f6dce5d03edc09e3debeb62b7543f39cac5d16ede1d31e6b6e089c0f581dcc59dfb140e44220105f9bf15fe2561d8c4028a1102a04070402010081102a0022327a658bff0077747aaa56fe264cac0372e769659c96d46dd7053aaf10f937a798ccd57593bdee26499d77bbf61e56017c1b5b73b7eb2b5e98d32a8a26c34a341d6cbbf70ff8420c9a7cb521cc6e6744dec30737e8dbf792506eb1a2270cfda2d1ab80d6c07ef751ad123123def908bc8fb66e4d1b358148553c42511de369bba6be723dc69dbccab28c4ac7b66ae2f3db8e0ecb0702e1c3c2eab127d2533333a595dd91afff00ebf61f141255cc7a9749b67d22f01c94563d46a4dbd56f1e764442d88be777b3d8ccf3eeb2dbfecab27c7097edd9ecdc0e4382aab78f459eba1ffb7d535eef2d3eaa09b072c9a8ea58798b0f116411420f54fb6c5ecb7c1032b99964673bdaddc77414656f6881bc761e4110e759924db5b25caa34306b36ae46385d8e8fc74b22c33aab3473c915b5683dd76a22ab181ce2e6ed70889e5759b049ecbb335de47f828ab72b6ceb6f99a4b7bc1550ec2831ec929cfa8f69b0e2084546f7757235c79e57a22689ac6ccc0e3789c0c6e3dc51593574d2b1ce68d1cc93b5dd640f95ed796e51ae8f70fdd11d361ad12c39a5d239f3f8d9bfc96961891c463af7349dc903cb55855871e1c45be815152b2302b23946d34763fac0fe488bd131f671bef18781e02c47c0a0cf743927b816b8d3f8208a578cc5decf2e5cc220a68f2622c67aa240e67c762903a6c3e615381b25da7a6798ddcc0e1f3bb4adc7815216c73b658c3752c73d80701b3c796856451c4583ec94d53b3983ab948fca7f81515244487f6b691991e78771f105542d442e9e9466fc66f674f7dbab6ff45459c3e33351bdccf5c647c607bec36b79a686de330452619054c7ab656b8b401b58ff00fe95b781cc08df0d49d73348bdbb9c365912d4c5da1201723d63ef376ba222c82684d391daf5e13f9d9b8ff5041468a79292ba39a3395cc7019be8a2b7714a78b5c832c735a580f0b9e1e46ed5a946653b9df6a742369181ed1ded515ab864bd90dbeacdbbc6e3e57515b8cc3df8841f6463ad2105d073ced1716efd174a4757662f3d3dddf7a32e96d3e0dd21a1ac8c399157b7abaca51b09dba4c2dc2feb85f430de2263f3fe5f33958a6d59fc3e88ec96ddbab4faa7bb70bdef84615148a21150283426fc67fea2b0ec6595088040201008040144222840a88492464513a57ecd17283cd3d2c636e870b3039d69a4f51bdefd1df06dd797997d574fa7e9b8b76dfb3e71af0eaac53aa70b00ebbbcf503c82f90fd0496b1d136da598edff004b51060b4ce91eead986c4bf2fe63a31be415486a4aec8eeacf6a43abadc5c761e0161d1769e011c796fc333ddde56e19973589c84cb76580272463b82892abf65d5acb111463b476b9e3fc15656df13ec22b68ed4f7300525a51c425cce63068d1d803922336a9d66b8db63f1e765594b4d016e1c66905e7908d7981eab7c38aa8519a39a3888bc921324be0dd9454b5a0ba84b9dabe37bb39e395dafd50330a91d152b9a3495fab077466ffbaa2cd7c62313065800e0f61ee70b85155ab9c24a58266f171d7c0a22a39bf7ae3cefaaa864e3ee9ef8f504017faa0bd844df7ad3ed37b374116361a2b5b28e603bbf3212a2c8f210cfcfa7822257863e291b7d585bd5f9a2a485f9e9da35cf4fa01f92f628169ce5a88dda870764791cdc88b1571e69a4696ea5a2467969b78a288dad960c96ed03ba0a98b36d2c538f5251966f16ee82a06bac1e0fde466ed1cda83a0c2ab87db208c0ec9d0f204f0f92a2a63748ea6c4b28d9aece0fe53ff2a69566b20c93422e3ab2e6b1e7c5b644435d4f9621d668e8dfda77ba49b5d50f61ca40d8b231e76dfe2d50475ed68eadfc0daeeefdc1f30aca433a78af2bc0f3fd8a8a4372d8e4f6a0932bbc38141a1d1caf21f9247d995199aee5afefa5d6a251af0c1d4c71cd6bbd99bcc8d1de5657428d4528fb1c994dc43258b39b4edf4b2c8a94a1ee64b08b9601763bf63e5f44165b1c85999ba9205c710fdb55a8844942408a5643d839b3b7fd43b43c9cd4857490b9925108ff00cbeb03dadee78fa6ab4396ab8d9154c5da0220f30c8ee03b5769f25cc5d7d25e09632dfbc8c17463b80d47981f25a465e5eaddd647ebc65b2c47c79fc5654b8cd3425d1cad6fdc4edcd1f3b3ae7e2d702159459a594d5608c63876a171b79e87e6123c0cf9b331f054b7d689f67f9eaa2afc43aaac69668c77aa7c751f0292b0e8299d27501ecfc48b2be377e66956b25a36bb4d5ce9b1212fabd7bc3daf6e99661eaf970f05e9adf72f24d350fa3fd18e346af01869a593396c6d75348777447669ef6dac57d6af87e7b3d75675242ae06d9008110684c7ef5fe27eab9bb1881100a82e80402054088040201053c4e668cb19f5583ad97cbd41e655821f3ffa50e90cb896253e5f5617755137ff0023fed057c6e5e4eabfe8fd3f0307453f579b50dc365a976b23c9b9fceffe01799ea5379754e214f4606af6b9ef1bd870446eb3a88226b5ba46cd1a799e2e5265a858c369c3deea87b33db71dcac29d5d248ea6765033caeeae0e571eb3bc15473f3303abee0de2a6ec31dcf28d4fc5560ea61d7c96ff0020373bedb586cdf8a09de4474d9fde1d9ef036f9acb4c3af21bae966fd79fee8cca1a5a335354d601f73034173bbcf68adc432bf2b41bd43d995b7fba670ece80f92490a1401f53885455beee0c191ae3de7559527da03257190de277e277b5044f8a68f15a70ed7ac765611b6ad36faa686c56323750f58df5daeeae51e1b7d52559d0479f0a7c47fc9933b7c0dd11563ed3af6d6e813abc8d95a756deff5550ec3eec73b2efa96dbb8dc2093106cb23fef1beb82d0eefdc20aaf6b84f941f54dcf2f55411466ef7f7baedff485512d25bad68bd81ed7fbb43f3413c31da5935b8b820f81ba0b5231d23229bdc73e27f9a2994cfeb3331c32b86be23640e9a0355433b72da41da03f337d6f8aa3122ecc623769da22fc8a82dd0c9336416dc6c47bcd2837f19636a9ed946819f74e27bdb999fc168567fdfd1189da01da65f7bd96644d57501cda699feace0c537738764fcac56a4507b246b35d5cc6dbfdba2c86d5b5aea681ec1d8d0b7bda771e4aca2be76f58de20b0117f0ed05143636c65c75eadfa90822c8296ae560d5b0c8c2de5dcef341d3ba6ea6f50d1719d8e7b0eb68de3d6efbecb681d0f56f9591373b2406375fbbb4d779b5065b8ba9a7682dfbb7e8d1c2deb5afdea23423a007d42e734373b5e0fae08cc3e2df985ad0870d2d66202276ac7e6041e3ed01f10902e5355c8c8a3e4c718252786bd83f45150e234ee799465043867007cff0075014336786171edb587a89253c87e193fe9b2d42295451b1955246cb88e4f56fc166551971970c9698dfad82f247cf2bb478f8ea824e8f693985da365391c4ec1fb5fe85210eacc3cf5c63cd72fd1dfac1cc3e85244746feb6899ff00723bd8f71d3ead515d36191be6a1eae21da31dc0e64deff5555522aa7861cba0780e046e2461d0ad56cc5eaf60f437d248266323fc2b4970dffb62676477fb27b1fd2e5f5f8d9370f85cdc5313ff003fe787b4c6f73d9db16907ae17a1f30ab2a4550883426fc67fea2b0ea628a454174020102a01022044408a70b6fc911ca74d719feeac0eb710711d61fc31ff00c631f13758cd7e8accbd3c6c5f132443e72e905510d7b9efbb9cc75fcc6abe0ef6fd5eb50e66a6a3ecf491c24ec2eff13b9fd944d1dd1ca77b5b2e20fd66aa04477e110fe255486b16096411fb2cd5fdff00d15969b4d061a6eafd491dbf7ff5b2d8a3884ac8699d330ddb0c4720e05e4581eed755a65cbb5d9a68a8a3ed39c2e6fa761a3577cc9f35196a5053b48b42decbed97bcec1161363595ba9d982f6ee1a37e6a48e5eb5af2447a13601bdee77f0015846b36885361a5b711334121f68b8eb6f86eba30a38a3feea185a2cf92ce93f2b1ba803e0b9cb50967a3387d0320da77373bc7e67ff009a193570e8d68d1bc140f865ebea9909d658dc1f1df8869bd8778034546d648b33e37fa92137f02343f351a51a08ffc54d4c4f65c3b3dfc8a233e389e1f231deeefde110fb02f07d995bfb2a8af875991581cc5af24f812105daad6ed238837efb590549a1ff102407b3a877c10570032a63f74e607e088929999db1dbf123bb5c3f7f8a0b94cd67db6485e6c266e8793edfbaaab14cc05b50c371773651dcfd9c3cd044e89d1560701c0e9ddba0d163e18ea2ee19a9e5b65e60ec551838961fd4d4c9c5bd67eda7c42ce83201943cfe769f8eff241d54390d23858bbed0ccb63ecbd87b056c53a78247d73e3d86416fd41a82514d04f41514aefc480895b7f81b7fa4fc9115638649a2c8d23ad00878fd3c5674aaa22bc72c23b21a7ad8eff0030105284b0bdcd3a0659de5c541a0e87246d0402cbfadc5519bf67fbd9071032b8781515b54123e5c3d84bf3000d1ca3f2bbb4c70f02d5b65770c11cf4b7bfdec475ff0047fca40ab8b419a191874cddb80f296339b2f98282ae0f889923305fb71fe0f7b09b816ee37489468627137b188d2c763eb641af6a321cb521ce6b2a1f5197b51d54024681a769bb81e4a04a3a87be5a52eb10f1d5e6e3ab48f8a955941131ecaa9a86c47da185cc69df334e9f555162ba16cd494d58cfc52d1d6b7be3391e3cf749142ff65c50d45b489f699bf9240b3ee27a0a6632a6a2377a8c39e37786bf45605c9e1cd14a1d207f16bedb5fb43cf36eb43230685c639ac3b4d320f8fde37e616215d4605306d435a0070391cc1f95c2c7e68acc95bd4554ad27da2f60eebeca6d1d4740f1a8e871c2d736d8555cd96abf287b435c47c4387e95eee3e4d4fe1f3f938b75fcbea3c3663538741349f8e06494fe76f65df1b5d7d497e7a7ca52b211102a2fcdf8cff12b0ec62810aa04508811422150220100823a9368b2f1790d1e683c9bd37637ff00b7c359eab9fd749afb31f659f126ebe7f3f278abecfa4e2f3678f6251b65ac95eeb98c0209ee6804fc6ebe6c3edcb967c7262588f52dd2391d77bb946d48625d017358dfbb1d868018393468d1fb94996a216b07a6cac12bb5748ebdcf76df3d515a5522fd59f65cd37f0d6e7e8b5092c6e915433243471d9b15f34e7993bffb42dcb9b030dcd5334d50c169aba4ea29efb32167ace3e4b23aec3a9636c4e31facc8c88ddb6bc4fc2c15566e38c7303f5ec8e5c99a0bf9a48c49216f56cbb6f31737ab1deac332d4eacca59985e9a8e3324af7699e57edf4bad4b30ccc129dd578936b26bba18c7596f12728f35ceadc8c66b24a9aad7d77f6de7806e64914a689c5adcdc9a40febb9419f1b7fea21e3d9f57c79f920e92571923a29cb80748324bc2e469f4564855a78d91d7885ceb1ed647fd47ee82b56031d71959ea497cdcb5fe6a24a32c6863b4b18dc6d6efd554450401ae78cdb8cc74e7b20b8e873123605a6fe5a83e482ad3b73095a46ed3e19da3f7082a48dfbb32fbb7fa6ff00240b03baba8b83a1ed58ed622ff54458af6865635e3b2d7b039a797055562ee92664a3b22a23b3bf5a0b6227ccd65465b9631d9c737345950d7c727f7410ced4903eef1cd8efe0888a68c55e1eda9670b46e3f987ab7495673e0736177077ab6ef5991b9864f24d053420f6cb3e0f6ebf30b62cb3ef5df6803d5395c0e9b1bfeeaa15ec95b56fc9eb3e3324637b91bb50508bac8eb622d659d28f5bbceadf968a29b352818859bea4ad7900f0765bdbe2167dc6786b056873c656b9803fc0deea0d6301fb3b60f7a3b0773747adfcc05a1993c0e687b9bac81b9bc46dfc14d21f86f644cccd66b80962ef20e65605a8abba8c4cdfb31cc0b9c0696cdc7c9362c565446fa62cdcc6f64a08f0b3d5d8e7a5ff098d3668ff08bb2f76577f3591bedab6fdec648009bf99d2c174da1b1ceda49a8047ea073e9b37e6f62fe45aa7814679dd4c64c80fdccb9dae1c36768b0d3571d608eae19e31ea481d986fd54edb387ff0025b9652d186813405dd8d266e6f78e8f16fd4b42a57c509a999ae8cb5ee01af17decdbdefe6564430be4b0748758bb320daf6d015205d92aa16cd0b81b82feae477e576a3e2aec4548d147553c760f05d14a1bc08693fb1515a3825418aa6eeb7dcb9ec038daf994553c71ad8eb2ecd5b99d97cfb56f9a960ec3249bef1b19177c45d183c5ccd479e5242eb86ce596afa5bd0974b5b8f74529e47bbfc498f24ece5353da393fdcdc8e5f5f064eba6df9ce661e8bfe1dd3b75d5e534a21105f9bf15fe257376468a150201402a85514201540800a22bd5bbefe20740dbb8ad40f9bfd2063dfdf1d2da9a88cde19250ca603fed477d7cecbe1722fd57dbf59c4c7f0f1c4390c58e46551bd9c7b2df31daffc5717a599843590503ea2d6965ecb07268fe5aaac2f39a5e63a66efeb3cf79f542cb4d9710d0228ec2cd0d6f71b28d2d4ce82086a26792d82107b5dd10b7cecbbc39d9e7f8f574d240e89a3efe7222f8f69dfc16251a7d1ba0b54867f970b3a96bbbfd690f9ec9069d35016089d23ce51abe2f0f6479bb75a825838a49d6bd91eb600991dcc338f990aca3167ab7092ec399f0b5ad6b77bc8fe090ccb53130f6e15f626bc194069a993f349a7fe374b2c2ed152be8f0a0ebd9cf1db7b46d7f67fd2cfaab1032a5a6cd7958dd5f66f835b727e4b2aaf331d95ae36e57ee59552a6a7065d07139471375525a4d6e7a6747c1a7b1e234d1514aa6e2b6925d7d6073776ce5117710a36c90cd948cd13b4f02ae9549d166eb32fac6ce4655e95ee983676b4d9cdb387bae0506843ff00bb6b1cdd0ec7b9c15815282373609a13a80d76527816edf250577440d266d83b37581046226b853c8e1763a239bfd26df444695453c7361314edd4c2e2c7f703b1454d470364a08fb36923767eedece0b5a45d8a33a86fa87b4eb7302ca89a9a8036366577e235ec737c4666dfcc2ba462d03becd8b54618ff00c0ad0328e4ef64fc563dda2be91e1e233ab9a7c2faaaca7c399240f1d58b4914c1d73cbfe158568d43e28ab0756f069de72bc7b373da6bbf6544588d4343a1730f6dae0deec8f1bfc549155b9a42ccc346c8d37e3c428ab35707fd420738ddeed0f89e1f34465555239b949f60dbc8e8b3a55ba290be9e09372c205ff4ea6de575a43b12a48e96286a4e9107963c71c8fd3f75451aca37c14903da3364eb1b987e57f1f25056ab00b6390ead6b8b4bbc7b43ea5665613d354da58ada31ecb7c374d8cdad6105f13bd669b34f0d0ffc222774b91ada86df60e6dffae6154593500d2b72807ab775a3fd005fe5654257f6279772d170337bb6ecac4f96979f58cacc2a31eb7590c7941f65cdec917f15d194147883dd3c4d3eac80b599f9bb5ffc9aa6c69e21f677c51555b31742d779b0d9d7f2bad0cd796343b28bb5af731c78d8e8d3f459114c7fc2c9addd7059fe8f0e16b283569809e48277fa8f88b7337423da1f45a855a8db142f8f2b7573f338efb5b5f928b0a78e472ba9e7b0fbc85e1f61ddfc8aca2b61135a68dc7fcadc731bfcc68959d4968dc3d73d09573b04e96ba93acff03893bed74a3b9d9a278f85be0beb71fb4fe2dddf179b1d55fcd7b3e82946abd6f8e8d452222fcdf8affd4565d8c45220110a8040205500a8140a111cf74eabfec181d7551765cb116b4f7e53fc56725b559976e3d7aaf11f97cc82526b5b7ecf57eb7317d4af830fd74b1b192659183d6199cf7f7df40a126b3b53887fcb8ae3ff00e4f3fb24b2d4c129f3cd24cff63b5feab683cb446d6a291a7108c9b11d635adef24ff00b30d4aa749eb40a1a7a3cdacf3173fc01ce7e8bafb394b908dc64aeeb9faba2bbc7ea3aff000585d3a9c1a07c148f6fb4d68678cb2eaf23c02d0b35356d6441ac22ce395bfa1bd91f1bab092cbc4ea1b1b25b9f5181aeefe63e0b4cb03098cbf158a679bc5034cf30e19f87c2e14865a30c8e91b039e6eeaa99d3c83ffb6c166a8db7a795eea56463b398dadcf2eff32ba4b085f0e4648e3dcc68e43777d2cb32d332b585d4ad8e36ddc5c5bfee5953e9b0c2cab03fed34339f6dff00c96e2ac22a6cfd76f972c96f2b2c4348f1080cd48c2cd24826cc7c1dbaa87bea3ef98ef61ec309e5769b8bfc5361b4309755db8662081f456056a3a37458b4946ed08360385b74d2341d01eba4ceced4423d7c74fad9690d7d2e69249d9d90f6e7f33a1fa20a8e862f500bc53825a797fc2c882969e46d375645cc47e208417f0c7092927848eccc08d398d42a1d83ba5ed40fd41b48d7701c08f35611a113032a24e40661cac8a96bdec6bad19f59a0b7c42d2306b98671d7b4e59197ca6dc47685d627baac75ada82da91fe68049f0d0aa4af9a1eb218ea383af703f2ff25ad22952d5d3cd48fa67805f6b77e8b3b54351347146e8edd9b021c37b28a8e377573b5ae75a3905b7d9d7b8f8a834ab6aa2eb229746b9a1b9bfd2755bda18e8593453359da7346675bdc3c47c1419584d4b2074911fc364875df8dd66069d644f9f07903b5eb016b9bc9eddbe8ac88a58dd3e19244c2e2eecce34e274705ad2322abff6d948d98c7ffb6ed3f25ce5a5685d91ac39b463ede175952baf24af36b970cb97e575a64dcffe1e363b4bb4b74f127ea81b8754ba32633adc903f4b985a47d1363466a88ea2232df5ea6337e4e6900fc8a6d51b26bd0b23d83039bffcb32acab75c0d3b1ed3db8887308e61d7fa26c6ed054baa208e3781a19434f7386dff00c96a0674df8934773db88170fcd18fdb2acaa3a5b981ce758f65d6771b34b4ff00e2e417f0e9aa1d4d0b6ff740eadfd2506bcadea6aaa09d4c709207277f45595843587b351c3301f1701fb8511894b5223abfcaf61d3e45615e8b8057434f5bd17c443fb5435461a8238c151da6fc08217d2c73dabf89ff002f999abbea8fbc7f87d40ded40c7b767341ee5f4a5f9f25c71d1654222f4bf8aff0012b2ec6a8a4402a8102d900a054020102b775479b7a79c45d16074d44c173535203bb9ad175e3e75be47d2f4aa6f26fecf0aa4027aa92777645dcd0071d6df25f2e23b3f413e5915d52d8ab9f33ac431a5ddd667abf17159251614d2da432ca6ef93577fa8dc8448741460c740f6fb4fb5ff00d46e5665d621561973e27042cb583f313cac3f8ab09662749ab1d3624753d5b23718b9dce83f8ad4b0af874232f5846ae22c3b87aab0dba08643041d5ea5c4663e2740b6ca9cee227a705da01d639dc2cdd4ab0ccb16beb0cd8792fd1d3484bfc1baff0005a625161114ccc0def768fc4a6c91fe81b953d961ab1c01d54d0c1a06d872006a8b2d0a4a86191f98ddb4e1ad07bcfadf35a894d246ccc7ce5b7beae6db9e56e63f54d85fb186b85cd86563fc09d558493a199ac8ac1a0932873fc5fb7c9699509692c266b747e8ef23bae7a6c54b4360cbbb8baee3e2aa2b414af73248c904e7ccd1f54d09a95a239738ddc4dfb8b7f92b089dec7ff79c52968eb2ed7dc7167fc1551248c922c425396ed7021d7e194ede2ae84713a374353af64656b2fe399067d588a1a6808bd9a5d9edeebb92cc84a788c25e776d81f25512c0c31c5316119585aef23ff28a752e5cc403b9bb1dfa85fea826350e66250b8eb1e62d3c8e6dbe6aa22c59fd5cf9c1b685cd07f29d5bf05159bd665ab9997ec7acc1fab6590b42dfb282cbe7eaddd606fe576e15d686ce1d8ac6298b1ceed30dd8dfca79f72dc48c16cec82b6a592b723dce274f1b69e6b984ad9838c2e160d7b4168e4ef687815254a668dd147adb9f7155124952dc8dbf6aeeb7fbac8ad1c2ea40ad7066ae2c7868e0472f9ad423067765aaa86381f65de1c0dd615a9495e4432c3b31e43c03ae8fd0fcd6992d2553e37c1da25ae0e8dfc8eb7fa2b122a6310361a8118be521ed67fb8efe1752d0431b3599e2466f1170b9b6b05cefb45cd897588ef25543ea63cb4523858db2badc742b4cb3e8e6cb5b13bffba3e6b2d2f827ece63d886bb55150c73130875fb21ed0e3cb303f555940c79edb06967905bcefa7d0a0bb85ceecccb1b3da4b4f2d74fdd205ba860fb446e7d9accd95c46dda365a447853bfc165001792e63eff009a336ffc52153e112ff8684e96eb9cd77707b0387cc1481d55642c31b9ef2333a9eceb9f6893fc56e46555373464f28d85dfa9a1bfcd62462cd1e6973df62ebf0dfbbc42c8eafa3d1b5f8162521bba481b14f1379e47f6b5e16b2f5f1e3e59797913f343eaae85626313e8961f5a0dfac85b7f8715f5ab3b8dbf3796bd3698699460db5b6f820d09bf19ff00a8ac3a9880408aa8442a8040a8040207306aaa3c83d3d55bbaf8a32064687bd8ee399b61fb95f3f9f3da1f6bd22be65e3b86cdd5d346df54daf7e3dbd7f65f3e7c3ec47972f8a4e65a9746dd3af78681fd79a892d9a6a7ce618da3b0db5cf700a4b710d79a411d33c9360df8dec561d19f8076a292b4b4b410eea5a77cbb0779eeab32e724cf518b4cd3ac7d917e405d594af968d140d927640dd996dbde3a9f80521a95b96579eb4efbb41f92aca8d790e86a9e0e91c7d5fc4edf32b4c3165066a68983db2737736f6bfc969969b87f8e8621ea5247663786772c4cf774ac765888bbac2ebd81d33782d4327d339df75986934999e3e7fc12094941f7988c6d69cb9647b4f1fc461fe0ac22d625579610d7f68f5636ee5bda4ab3e78cd2c37d64be675bf28b8faa6d216a9a3124334e7d6d1c0f7715152e2f4cc7e02e00fde8370469700adcf86105340dcec9ac432a1a3b5f55202b299b1bdcdb13f7df51fbaba09552b23cbd5119631d92785b822125aa12c0e97fcd6c99b4fcc355762907c8dcedb6afb6fdca04a985cea66e7b59e047a7828ab986c02d33de01ec817e565a84562e01956dc96cc2cc1dcb228c4f92081998d85c5b9eff00b5d452564ee7451bf721d7bf200a484c62664f486a370ddc78e8a4ab3e39dce7d34aef59a40b7829025ac95cc99be63caeaca10545ad7362cd88e3fd5d15155bbac9f38d6dbdb8e61fc510dad7b2d1c77bb6c09f3d7e4b2d1b13cc90c91bbd769b7f348494b87c82464238e70db9ee5604d4f51d4d4839ad231c48fa2222c6237b49919c74bfc1dfba92b08e92af255b5c0df42c7788d42b08b26669cc351639bc37baa21c62ba691eccc6f973b9be6d06c9324331f67f5ec1a69d637faf35854824bd3c6f3a9b6be2105b9dcd753bdcd1a6419afddae9cd6d9640ec381f75c083e0561a69e6bcb6e7981f22525614810d89f1f1d079b0aac9b55712be41b9687798455a864fbdfca45c7d50587c99a36d81d481af3b5f4f355947472112c8d69ca3ae8ec7970fa242a6c35a7ece58750276374f070fa240ec6a61b31c092eeb228c5f86afb7c4eaba4a329952248657b7db61327fbacb9b4cd9459a1fef66faa88e9fa275518c32aa0bf6e564b100372d963fa668c2f5f1adda61e4e4d7bc4be80fecfb88c755e8f29d8c7e6fb39eacdf7043469f35f438d3f243e273e3597f577c57678c8515766fc57fea2b0eb06a03540228441b2a15402010081c1d604f2551e23e9f6493fbfa3809ecb28c1f32ebaf97cf9f99fa0f498f9267f2f24775d0cc18fdcb73785f65e4b3e8d5cf3d864c67acda38839c0f0f747d4ac92e9281f94b6db31973cf459974a8c4739a130b3f11ef6b4f9dee565b9586c463a0ccc396c2d7ee1b7c536baece5a190f5b51338e8d68b79f0f24b3346861df770676ee7571e3776a550e8dc3310dbd9bb9e19afaad32c8ad909a19b20d667b9c07e9d07d518933098a173a16b8ddb1ddd21e792e7eab5b4885e3f774aea979fbc90d9adf1d2eb9d7cbbdbb4159625a00b8b11f1dfe4b6e553d923854c2de23570e1a9baa1d80cc4d5bdc77712ef02dd4052b2b31d953199cb5f96fbe6638fcc2ac4a5a10dfb25b5b345cebcc2aadac10b0d312fd400e06db6ba2d519b9f89cf1fd9191b469908d789d2eb6c10e56b1adda373416df4b5d59485792a3fc4b83dd62eb65e5dca6d59d88d4e40c6b80d38f3bebfba922b0ab6fd835e36bf968a0751cee755446e49ca6fde08b2a8d489bf725f26ac76b1b7959686851c63ec2e7b342ec99878dc2a8caaecadeb01ffbb63e0375996a142a9a3a926d98e87e26eb232ea1f76b5ec71d5ee16f9aca9d4f335d2081c7b1531b99afbfbb4fc5056a79434f54f16ed7c0b77521749eaaa659a95b9fd78fb2df0ef5adb2a46a2d07585b7b3ac6de1a28a2195fa5b56dfb5cc24092578923611c88bfe92b222b9eb1e0685cd453e190becfd9fed0efe61024b5273979e2eed1f14da353a8755c52c23d96827c9b7fd96863b439b52e61b32fda613c54173afeadc1d9839a347db6d744dacc2a559b482e752db7c34fa2213b0e91923458066570f250145a8929dded1bc7e3fcd005f61949b1736ca8a938d6e34d02922e45519ce6b5ae0d949584138775ae03defa8550e7b43e31fa3e5b14094aeed069d86c797f574134ae700c07d9700479dd542e7c99a71a07cac70fdd06850e433cb0e6b47f6c07c40cc56a07435f37dd86b5debcc32ebae5dc2d58855a78dc28aa2d6b45f1b388d16161952bc18bf2e5b8f1ba88dae8dc8c8fecb334e697ed2c8cb0716c837f22bbe1edfeee397bf6fc3dcbfb34d4ba3c2f14c3641da86a9d94f30d396fff00c97d2e2f898fcbe2fa97989fc3d71dbaf4be711417a5fc57f89587531008a354020110a804020100760de64056125e1dfda0d937feadcc3d47d231bf55f2b9bf5bf43e95fc2feaf2caf6c0dae7b23b93940d785836ff0035e4b797d1af87354e73d73ada46db3597e77249f3ba9092e9e8db960be977e9e4352b32eb43a10c9a739bc7e0413f451a8ee9717ceca5c9a5996b8fd5cd621d2de1c8f50deb65881beadb72b7b4b6e2d887ff006adbe998df5f920a8c70ea89bdfd637f8aacb27109bee23636c059ff002d7f65595bc3e9e56431363199eeb8cbb0bdee566d2eb4858ad82a3ed54f4d2904d8c9280340068d0a556f1dd7b0d801824791958d69f9ff0024b4ad2156163fed6d23dacb6f12b512e7aee92089f0d431fb343b3797f3598f2e931d99f8c6535ac0d17cd21d3865217497188dadd0441a0f6bd6ecb4fcf64db5a5da395d490c90bcf69d73e1c6cad259c90662b577a6eb43b6b388ee72e932e457571960a66b8ddae8b37795a99da42b56d5b3b16367178cbdf7162167632715aa93aec97ddc0fc45966550d3548cb91c742effcb43f3413e15265a937dda08bf785611b34f234d036c6cebfecb708d0fb7b851c8dd8b866007705ad8cbadaacd5a6c2cd3a81e2b133dda851924ff10e6efea9f80d56465564a2f135ba5893e4a488deeb308f0b1f02b2a99d1b640d9d9a5ff107e71b9f3410f587561dc8560d2bbefd5483c2e11094d25d8f1c5c2c0f7a8a564a0c0ce6d75fe3a140076ad254035c5b5161eabf8aa1b38f5987fab20daa1ac31e603da6f6fbecd5a89461d64859883cbfd56b886b7903ff002b32a958ecf0bda38b7440af7096263ce877f340b4eeb98ee076e270f3175515c3ac730dd96fe4a2a5ab39c35edf6b5f03c7e688a61d7bb4f920b348fb3997e4514931cb506fb17007e0887c703dc1a07ac2e0b7bb9855115f24d6e4a2ac4a6f1c9c4d9aebf7040c9e43f60681dc48f8dff6545fa49ddf68748dd33c9987fb6ffbaa8d8ac94646f02d767f20328ffc55904150e651d6816b656efbee0feea2b39edbb6dc2da282de0b58f8e0ea9adfc77375f75cd3a10b75b6bfab9dabbeefa07d0541f65a8ac63756bbab7bddc0be48f3388f35f638f5ecf81ceb6debcfdd76780d417a5fc57fea2b0ea62aa140204542a88540205408815bacccee04feca8f1ef4f74a64c5a92660d1c5d13cf7b582df272f9dce8f0fb9e956ed30f14a9738d5b9e7422320f869fc17ce97d6873d878cb8864d4dcdcf76a3f82b0cbaa63ffc3b1c7bdc7cd665d612e1009fbdb6f7b73cb6d4ac5a5d689318fbba56c77d66fbc37e5fe5fc45cacd56fe1cc361bd4be476b6daeba3942ce2f23a9e872007ac22de6ed7f9224f85591c23647170366f85b43f55586736c6a29efeab1999de0e7149958874985c168a12c01ce1773ac399b95c665ebac2a4fd6d5cb535518b97bdb0476e16ff0095d1c7cf76ad6b23a7c3db046733dc4e768e0d6e8b3beed6b50cea7889787ece0e686b47c5264a553d7b04711e2381f01aa55727864d237ed0d131199d1dede1a85bb3963859a4199e1a05b5bbbf659dba442c622f6b836e6ce79edff05d227b395fca94cf73e95cd26ec6ddbe3caeba438caabaaed15396f6dd1b08b0e6ab2656caf34b1b4facd7b8dbf2951542b439c1dc3405bfe92a48ab9c827f56fdc54166966bccf00d9c08d5546c3267c6d8d9bcae71b3bbbbd6d0f75516d38cdbfabf1bd9362b48f91f336e6ce6dc5fc9665a840f9875f7cd6cc6ee71f8044967d4b1ce69cdecdd65523833aa0edd86cac87514a1a5f138e8e1677ec5454188c6639351add0401f773f372444024cb2345ac1bf54129c82423d927ea80bdd8ee6d26ca063dc2ec7fc7cd0493df38777ebe61156a094b0bafec9d558450c45dd6d5c920f68ea5243e95dea1e0745048199637b780b91e68190cb77863b76df29e7716550d68b4a07bcdb1412c6c718f2ee40cc07d7e4829d434365046c76292248c9cd17d5452d6022475f9b7e88852f232773c827c5503bf1a33bf66d741698038347206fe1ed2a2bc967016d9ce711e074b79282d53b8d98de25dfb06a0d87bfaf972c7eb92187f4dc2a14dd941507f316e9c8108218ec0c77d6ff004dd212461d2344ba0b86c976df969c1589ee9aecfa1bd0acb3c9062157b35b3c3106f2cb134feebedf1a7712fcf73bcc43d83700aecf01aa0bd2fe33ff0051587531508a295102a0502a295102010247ace7b9a109795fa70a7eb29faf02ee86a330b77b05efdd66af1f32bbafe8fafe997d5b5f7785625164c42565ad769ca39eb75f29f6d854cc0dc489f6b3efe5fcd58665bf211d5c801f55b97f6597469e0d923a09a5d1ce70c96e0335bf60572b3bd3c29631924658139ac1961b1e1f2d9584b3329e1cd5819bb5a2e7bd6d8d21c5aeda96e71ab3ef1c0f3e17f32ac336850ae73d951167da301e7ea7e6ab05c2e81f53244c2df5b2ff00b1bea85cef67a30d36efaaa963c33a3d5350e6e5bb1b1b0edabf7f905c63bbd392350e7a0a4304b1c5719a95bdb23d5eb24198df9d815d36e1d28b137de70c8c9734faa79b5bb9f8a556f0b987d13d8c6b9e5a34be63bebfc96265d2b1a852c6248e3a492dabcf67fd3cbc574ab8e49451537d970e60b76a4659bcf52a6dae9d426a10f82012dae737aa7893b22fb2b56c6f698db7cda92e7737715d23c385a3ba975845254071f58dc05d36e130a2e9035b4a46c49bff00a82d324a890db3375c8e1fc14915438399232f7ed1cbe1b594155da6be45059a161ce1defa2b5e9da646b243bb1bc78d95958856a89ac2dcdfa7c11844cabfbded6b9afaf929b694fb6e909e3cbc1676ba69ff007738d2b8db769536e9d2a176ff0077319fe65dd6f21b2db91b18ccc6c838e8565524e3ad80c27f159f84ee7f97f82a2834d9e2e3810e1e0aa23abb75a5cd161bd9250f91ed740c701afaaef2502486ce7386c752a87b1ad31b99bdf41fb140afed31847201de2a2a56f13b837b22294c0094dbfa28a5a776859e6d445a888cfaec505595996a6d7d8aa16e48b8dd8504c24caf6e5b8cad06c791550dad840b65d58f19d9e3c90437b3e3e5bacaa5acd27b6ed78dbc15444e2d2d3a5fb4dd503f368d2381b20b19cc74e40d5d727c07f3415c919c0f65db1f1417e9e3cd5a06cd6343dc82f61f3b08eb1c2edbe6efe76f92b02d3dd27f7508dec37717e576dab86654536ff927fad94458c2a9992473d466b3a068786fbd77e5b7c16ab1eecccff77d13e81f0e34f81e261c488e6ad84f6f7cc626dc2fb3c5aea1f9ee7db7687aac06f0338e96f868bbcbc27282ecdf8cefd4565d4d40204502a05402295102010233f15de48392e9b612eaca7aa0035ce22e01effbb3ff009296aee1e8c193a65f33f48dae8aa3ac7f66500b5e7f4e9fb2f812fd544ed86db3abfad1ab3ad045bc2d63f0561996ad534181c03ad9ef7f0cdafc565a69452b9b45d4823287071e1a3775cfddde27b29d64bd9ca4dddc3c4f0f8242ccb4304c18f52ea87b0e5b8d797b5f40b33674ad1cd544df69ad24ff009afccefd2dd7e175d221e5b4f751af6e7a895ce371668f9feeb4cbafe8460cc91c6aa4d6d6cade3dcbc992dddf4f053e5745d38928e0961c2587365631f23400efbcddd9afc8298beeb9fcf4b909592e5cc4fdf553dc7c1a4eff0000ba38a5a0a28659db9ddf77b3b9e46ea7e25264ad772d7790daaeb248c6485b7c835048f547f15875731591bab2ae3859da2e7ddde276f25dbc3cbadcade351ba29618c5ad19cba7d573abbe44304733830b7d56db5e57d2fe6ab3a37106f5790682d9beaba44b8d9861a4b8df56dcfcc5975879a55eb19d5d35365d1cd76a7c09559412bee6fb17824f2b949454a33691ec3e3e681cd8c99c8b77a8d42e88faaa6649ed03b7351a985ea694163c35ba9161e2a8cc99deadfdf0ac39c8a3a691d375b6d2e40f3599974ac344e0524131eb01b65bdb8ac6dd7a1d055d1b60c2a96cd39dd1e67f9edf2536e9aece36b98219dace00970f32ba44bcb68ee4a169749d5d86a74504d8bc022918db6a4768a43566717c9d60cfabc8b127c169cd5d80b9a5a771b2a829c5c16f03b78a8a7ca46de215411bc88efc5963e5b1504ed6761ece046607c3540c89fdaee76bf1454352dfbceb1bc5046d395cd7841647641fca6e0a223ac1698483569b15508d1da206cf1d93f4514da8764aa27dc75bcacaa2f863658325f5de2faaa8a3236d235dc08d7b8a8a9eb837b16ddbaf91dd056b0d5bfa3eaa896168767bf2bb477dd40f25c731e7741573130b1deeff4107410451b5ec9b2f69f183f00550cc369c7590c57fd5cadc7e482ee2350f7cb0d8e85cfb5b90b307fe2928aafb08e2238a4129b02ec878f69d903070cc645aa3367d45e8ba91d4dd18b3ce774b8899b3f0233d811e6dd17dfc75d43f31c9b6eff00d1dec1a35cde4e77ccdd579cf505d97f15ff00a8ac3a9a80b2a0514a8811422040205408d6d9c4f3414eae80544b3348fc48c86f8daff56ad40f9b7d32610da3e9055359ac3306cd19b7094077c8dc2f8dcca6aefd3f03275628fc3cf290e5af6b7d996f6f106e179a1ea96ab4b5f1d3f11258fcf649216c67b377cdbb8fecb2ecb58561e6b71061c99bab3dbefbeab95e74ef8abddd2f4c1b3619d1da7818ec934ee7b9dcfb561f206cb963ef676cff002d5e6d310448f6b729790d8fb85f6f805eb7ced228a1927aa958dd750078dff658b4e9d71d772f5fe8950454385d2b72fde6af7977b2d66b7b71d760bc32fad11a871b8b3e4afc6e6a88eee129d336f6bee799d17a3c43c7f55956a69df257f54d659c2cde5673bb4e3f0537d975dd6b0fa48d947f6878cc1dd86dc6b669fdca969eedd2bf2ecfc4dc29b0839ddfe2267f6da37b6e478595af966fda18d8452ca1ecaa7f60bdc5ddfdc16ef2e78abee4ac6cf3d6cac69cdd5024bbf36e6ca44e966265bf498588b076bfabcdd600edf91fe0b9efbbbf4eaae7f1781eeea868c75bb23c4dd778978ed0e69c5ddbb68e6b4b87802babcc6549eb29a37df73b7236d556146693b1fa7f65511443efdce1eae9f3505ca76b9f506c2e7879a92d56166aa9a6ea3ac70396e1a147498ecd7aba792968e27d9ad262cd71c91663b39b2d7160bf1d6eb4e1a759d10c21957112e1ac367792e5697b3155b38d43d6544752e07efc9669c80d3e8b1b75e94d8852b8e034ee6768fd9cd8f9feca6da9af679ee3367573bf2340f86ff55de1e0bf9261cc2d99b3dbd5e1dc12484b8983525d3dbb31ede079a90d599330b92f1e4b4e68991bbd7e0aa1af63a39f4f68a21f337b570775511c5a5afcac47720b9496eadafded71fc145842e191ece57409232ce70e04efe28202dd083c3f7e288b11805a2fc5b6280b760349be5bfc154436ca75e06ddddca29b54ccddb1e7e215459a075c3d8edda2ec541541a5cd93849d97fea1c7cd10e70eb3aa6f739bfd7c14556eacdc93c85d01176a63c2cdd070d90480f67ebf341035b6708f803641b424788a0be8e0cd07e526e3ea826a62d05eedcc43e6d1fc6c150dab738b980ef1e51fbfd54093077dd8e0e0ab2930f65439ec7c1732758c6c5e39bb365aaed2da7d9182e1630dc168e846f0474e1dfa87adf3bafd0fb3f256b6edb6d301cefe44feea327a82f4df8cff00d47eab0ea620102a0382010080442a2840201a3ef03be2aa3ca3d3c746bed303a5647ea53ba5691c4466e5be572bc9ccc7d55dfd9f57d33374cea7ddf3a4bf779646ff00946efe7722e3e2be43ef4b628434fd98e4d00bf9917fdd69217a38dff68706dcbc3346f0d74b958b3a51dbf42f02788ccce1dab9bbedc761f5d3f92f165b3e9e0af663fa55abff00ad8a4b8ff0d10608eda36fafc7b575db8f1db6f3f2e7e6d381945a068f6ad6bf7b9778792d0d9e84e1b9b13cf26ccf3373b5970cd2f6f129eef41c662753614f7177579dbd5b47b7f78753f05e7a3d797b43030dc3a163659a4205cf69bc80ed1f9582d5ecc62a7ba4c3e83abc3ea6bb25ea6a9e594e39127b4ef21a24cf7d2c476dfdd6ea70f643494b4b1c4eb31a3ad79e2f22faf2b2cd67bb768d444398c6a27d7e24299a37203fb9a3e8bbc4ea1e4b4754e962be9994621b8f5476070ece8b112eb31a6cf45fa232cd03f337ef64ed3fbaff00f2b3d4e918dd4330aea7a3e192b7d4ccdeb37bd8dfe81677ddbf6799e294c5d554b97b4d7bc8cdc0706af4c4be7da3bb929e2c99f8584ad71f3dd74db84c333accb4639f583e7a2e90f3caacbb11f9c8412c513d9442423d77daea2da1a585c0f6bc168bbb82c6ddab569e350f554b031c7524b9ccf0486ed09b1a96a27a085e5bd4c061b77bf27d029b2d1d9ccc6d3d753c63770dbc56dc3de1dc7411e239a76beff78c7651cb2f15c6cf6627438ac11f5b15c1c91e91fea2ded15cde8985233362e8eb41ed4adcf1319c7397dc2ac4f879f6254734126578fbc697b1de3baed12f1dea6b3ac8981f6d1cdcbf10aa69a8ec39cde8fc950fddda11f459db7d3d9cc3a3764cbb38ede4ba3cf30b86903689a396ea6dbe9546b18e92c78ede2b4e447465c1cdb769ba8561250347de0e1981baa8bb86b08798ddb11a78a1082aa3758730a296cd753871f6bea82ab9beadf7d8a09a2d236df5b1b1f3442ccdb7abcc39bf45511b5ad7c0726e3568eee5e48a89f61707677d510b03df054b4fb37b7920b33e4c859ec9371e3ff0554281787f347db1e47f9a29af6f6cfd3c8ff144434cded9770caa2a46f1036c8fbf92a128e1ebea72f3377bbebf041a4f93efaf6e1d9febb904901b53f59c247dbe1afd6c88648eec36e2fafec540fabd321f75b7bad23aef44582bb15e9760946d6668e2a813d4df60d691b95e9e2d7aad0f2732fd34b4beb0aa8cbe48eda672d3ff00cf37d17da7e661659b1f12b0a5417a5fc67fea3f558753502205450881008040a8178a02e800506674ae8a1aaa088c8db863edcff10161faabe56b6d3e41e9160f2e158ed76153b431f0c8e84f803d9f82f817af4da61fadc77ebac5beebd4191a626385f85b8dedfc9625d61d160f83c953234b777347565daddc1f6fdd73bd9e8c747a860d85fd8b0d0e71b1cae2e95fab5bcdfdf945caf05a76fa95ed0f10e905719716a8ab2f748fa895f282ef58b5d7cb73cd7beb1f2be55adf3329f09be79352ed6df40b4cebbbd13d1c60622a26d44adcd217175bbb80bf05e1cb6dcbeaf1e9aaadf499ee9317ea40196943331dfb76cceb7c55af6866fdec8ffb8a46d34718d65a8932869d49cfabdc786cb313ddd6d5eda6dd06191c619d647d6fd9806c4dd9a1c75f3238f8ac5ace95a7f666e2b591d33a59a7d4b7416f69efb683c765d2b0e59259b806093c935555cf97ac79cd23c69becd6ab7b262c5ef29e970766298c1a978ff074bea0e072ea5df15999ecdc5773b7a074730aea70f7cae1692605d63a70bfeeb9cd9db431a6c14b49d5bded2321739a39b9baab5625e2d8bcaf71a273465ddc7c01365ea87ceb38f95d1bea24c84b9a43ee3c775d5e69f2c537113c77dfe0bac3cd28e48fac9e2886e4ea9257bb4f168a3a7a5a568f506af1dfc54874bb7307a72e8699f1b2e1c4bb4dc81aae32f5d63b26aca6ebb1282378cc4b4f80ee4498ee93a46dc948e89bea443ab6b795db98ab12992ae419311534d26999b603e2babcbef0ec7a371e5af835d0873a4fd37d415c2cf651dae2506685b57c33666fc3e802e4f5ebb31704a113623354ced36eb3ee6276d99fc485a7388efb6274e30c105554903b576bc1efd8ad525cb355cfbe9cceff00bbf6437fdf65bde9c35b6fd6399260f494807de39e0c83f311fb2cba7b3937d27f88a923d58cd9a77eebae912e1355c10f5b4f6658bad9478ffc29b6b4ad59853e9e28c9162e68737c782dc4edc6d4d2a4ac37ceddc6e3b96a1898412c60481f6ec9fdd6d84f101f74ee4ecaef2514eaa66a7f2bf292a42cabb99fe0c712d27e488ab2ea4f1b0ba0b30343e3737c2dfb2a87d446d742e23d6cb76fee88a74b265972fb2ef914055c4fbb9bddb77841192e9223ef81aa097367881d9c7507bd545e85ad30364b76777781f5beaa8ad3e930e4d1fb2820a667dd3bbad6f2454a46c3ff00b726be2a09e21d586b48c858dbbc0f6411b1ef3b956520e8c178b93ecb8b8f720b9300c6c517160bb87e63a9411bdb6018753fd040ead69323d97d3b21a1547b5ff66ce8f3bfbf6b3122cc8d0dea626f780333bc815f4f834f367c8f54c9da2af7d980320d346116f20bdcf8c6b076077eaa05417e6fc67f8958753100a855142011020102a0100804048c1240f8cece0ac24be6cfed0fd1b30f4bbedc2321950c80caf1ea9791627ff86abe5f3a9abedfa1f4cc9bc7d3f67151cb6735eed351b73017825f56af76f47fd196b302a3ac919d639ccbb9ba681dc755e1b5b6fa94aea21bbd29a7969ba393434e32cf539606066cc0785cf7ea57289eeeb3e1f3a56528a9e91d544d6da9a9a4708fb8466dfc97bf7d9f362bbb49208db2553999081b8e235ecb7e66ea5fc358e372f4fc0ea853e04e8e9e3334ad037168da01d2f7deebc33e5f523b550e0b854934f2d54e7ad739c5f989f5a479bdedf35ac96f64c34f76bd2c54bf6e7d55b3328da5acd4eb2bf5b9e766eab9cf8fd5d22376dfd962230e1d83364a817a873498e31ab9ce377171e5653ccb5e21ca451cf8b54b668e1cad37cb19e05e7b533afc48d1bc9759b69c6b4ea9dffcfd5ad2e11d664c369985ae738199ed3ea33978acc4badabecd7a1c019f686d35331ed818d024d7424ec1676d3a018706640e366bb575c9759b7f86c16158fd2814e30f91ecddd1c8f3dc0f6469e0b756261e532d01b59c410c058d23f41375e9dbc5d2e1a18e12faa02d9a31660b6fe2bb4bc711e58335daf9dbdc085da1e5b9f82c5255e290f3d12cd628eeb98bff00ef3a87e8c21c0f71e05485bc7cced7a3b0463a2b4d2347de8cfdaee1a05c65eca476262945f66c6582f7eafab71ff50d54db531dd0749697250b05ac6676bc776f356b29961c1b1ac6e23046ee05b98f815d7d9e1d7cd0f41c369d8237b8691126f6fcda85c265f42b57a061587bf11a089c59f72d003bbd71b4bd74aee19f4b8687633520fe1f5bb7ff00b7c3cd3a998a7764f4f691cf6435a23b8739c2dcb2ec16ab2e796ae430882f54c716dd85da5f8b86abacbcb585b970f326214f030db339cef2b5eff1536d6bbb22b294c53d5b1adb34b86a797fcadc4b9daab9d15c34caf9a43eac77637f53c6aa5cc70b7d27c2dc21636dac205c782b59ee5e9d9c94f485b296916e2bb3c930aef872c991db1d96dca4f899f766c7fe4229b31716b9aef5a4bb87ecb31e5b9f008ecbadb7ac3c569867103acd3d5771ee288968a52d98db868e082fcf4e1f1496f56fa783bf9aba462652d777ebf16eff0010a0bd5199d1b65f0ba0a6efbba924771b7340f95a59eaec1dd9f3d42a2f51b81879c6242dcbc9aee1f3550d9e2ca6fec86124f96850411372c16e22dfba826899972e419a6c872df617d2e811ac6f52f6824defdbe2ee6e455ea58d8d01cfd6260cd281c4dfb0df32aa23bb9cecc7d620e6f12a0b0d6835209e001f9ff2542b035f52c392fbb8bbf28d3eab4cbea7f415823e87a36eaa96ee9a50d198fe6edb8fcc0f25f6b0d75587e6f9b7dddde0d6e7992ba3c844020bd37e2bfc4fd561d4cba0102a29100885406a8175402284408a56ee88f3bf4e78036b704fb665bf531482df9b761f22170e4d7747bbd3f26afafbbe738b3cd58c8ae6e66683e6be14bf53587d698061cca6c0e9601d9cb0b6c391b05f3df598bd3b7d5458707c6d77f8763e4bef77b8380bfecb30dfb6de1b4f82369fa3f598938e5fb4499035deb1cb7713fea3b2f5f56ed10f1fc3d63995be8bf47e4fef4c847ab9587b9c08bf9eab19afd9d38b8bbbbec7a9a929a95b87444b6365e6a9b1ed39db46d3ddb95e6a4fbbd97fb23a6fbba7126a26ca4641ff0075db03e0d37292dd650e1b534f0d0c8e95cd88672e2f76e49b2b3e52be1056d3d4d7c1ead8c8008a32757febee1b95225a9aedd0e15828a0a27757da90faf35b52f3b968f90e4b336db715d3530ac221a382e47593bf4b9ddef3a91e1dea6d996cd251b29a02e36cd62e7bf9b8a3086a8be53d5b469a34f322daea8d4439ce9d3e0141557b4768dadd46bb1d07c42dd599f0e06a2829feced69b3590e67bff004b2cd17f1baeb13ddc66bd9e694746efb454121bc09ef1aaf4ccbc15af772d8ab4c3553359ddf32bbd7c3c3923e66874585abdb25bd5d3e4b3775c25a80e92b24711ab5af3f3599f0d4797a0f4429b3611d4b801d4e56ffbf5bae332f6d211e2b04b362d3465a3d7898d3cedb8517493a4b034e074cfbf6bd6fd82567b978ecf2da8ff00f568afa1cc35ee5eaf67cdb7d4f5ce8ce13d7610c7ff009723cf6b99be8178ed2fa948dc3d0f018db4d40292c7b0336bbe53c171997ae90a72d13454b24205e59330f23dafd945d2974d30e88d1b196bb4dc5bbed707e2ad658c9579e52d296d6b69cb32b9aeb9b7bd957a1e288eed5a8c3f26274d33459ce89c5ade6058a912ddaac3aaa563eae66917bdedfa86df55b87295ae87d3e5a7ad78d733ddf5d0fc92cce386a63187b679dcd77f98c69f80d56625d6d0e16ba8648eaded236dfe8bd112f0daac427331d9bd68cf64f30175dbcf3070b03981dd596610caeecb24dac6ca295a4b83871cb70ab2a52b352de07d5eebff003411b5c054673b3bd7f1e2836e96efa4918752d1d9f2d551915d1da6246cf01cd3de88b1441b350ea7de69bfbcded0414668bef883ecdcdbe68066b1969d85c8f22a0b785c9664d7e21a7f9ab016a6ce849b9b016bfe53da1f4b2a850dec5fda2753e0103e56fdc06b46b25ae7baea0929617bfd5e645f82409e57da95b146740ed0f377354358c21ddd7ca88b5036e1d2376232b7e8ac412e83d1e747e6c67a42e883735346067d37634e8df372f4f1f1f55bf0f2f2727453f2fad304a66d2610c89ad0cb5f41f05f625f9a99dad6c2cb28440882fcdf8aff00d4561d4c406a8a1008150088540229110229510a831fa7144cabe8d5542fd9d1497ff693fb2978dd663f0e982dd3789fcbe54e8bd13a7e93d1c1ef55b741faedfb2fce5fb43f698fce9f5d88b2b638ac7b2d175f39f5197d2664d3e172414c03a7366374cd62e70173e0b2dc3ccfa5fd13fb174729a8e366791ce89af78d3d776469f834ae98edf36d32d7e5d2b744a10ea8abab7e8259dae693f9b33ff82991d30fb9f3ca5f302f7074f3cc643986ae36ec5c7ba37521645655640ea581ae96a434bd9134fbfbb9e46d7598eee93dbb7baff477a1ff00666473d48ebea3282d8ee4f6dda7ecb36bedaa63d7eae9e93028e278739a0b80ed3b85ce961dcb1b5db6a2a78a9e9f3db6dafbdcf2f146367d3509fc57b6c7d81bd87f12aa4d9665c8c69739b70c089a55a3a7b0333cddeed40e5756ad5a5c7f4ede2a21a9686e86711f898db98fd1748f2ccc7670589d2ccea0ae899d82f1964b6e039d7b2e90c5abda5c5d1d186cf25af909ca4fe8217778b4e23a4adffaacedb699c5bc375de9e1e0cbf52de03eab80b0bea0a9774c2bb86d19aa9e765af918c07fd4f58b3ae3aee5defd964a0a86d34770da97301bee08d2ff0005c9ecd2d6214222c425a767e23670ecfcb3003f72b1b6e612637868feebea9fea432165f9e50a44f75bd7e578dd7bb3d7c3906a1d6b2f643e4dfcbdfba274913fa234718047dd67bf78e2bc379eefb18e3e5745187750d2059ce606bbc0ae4ef0312a207ab7377864d3cf81536d4ab6211473082176a5a45fc0ff002576c385c6f0f1498b75b97b265cae239dadf30577a4ede6c95d4ad62833b68aa1ba08beec8ee20ff0482ce7ab200d648f6b7b59c3c9ee3a5974871b419d1e0e8239081f752970f3b90ab110df192a0b3d916cbe04d87ecb0e8e5719a51fde7382082636d877aeb49ecf3e48eee3b12a6740fccdd87f15de25e4bc2a9c8d39b761f92db8e91cad02ec3ea9e28886394b6507c45fc5543240feb4b6de17f8a0aed25cf734ee0dd06ae1f359ed6df4b7f2415f138ecd6f369b5fb8ecaa13083713467b9e3cb428195b05aa1ae1c2ec7f3e5fb20832b846eb6e03beaa05a57b99296f0732ca8b109f52279d09ca6fc8ee81f10232078b7170efd9544d3b4b4477dc69fb8faa82cd1867d86c2f9bac683e573fb2a22d5cc8c1db35cf804135cb63ceed8927f60887ba297ecf1c6c1773ad9adccaa4be93f441d0b8706e8d51b2a2202ba490d4569035190766377e9200f1bafb9c7c5d14fcbf37cccdd779fb3d261fc260e007cd74978e0f502204417e6fc57fea2b0ea65914201008040a80402010088114a82be25036a28a461d006bbe8a91e5f35fa35c1646fa53661f31bbe0aac87fd2e241f805f9ce4474ee1fb4e2dbab52fa72bc658b983a6f65f35f559f1d435a7265008d86d97c97397588739d37a5fb6d0c7131d6775a1fdf68c5c0bf7003e2ad5bd398e8f606e0dea8ece30e668d3fcbb124ab6b3758d34d982c5fde73547563ac7b726d7681eab582ddc2e573df6d37aefb6861dd1982961be4cef924cd33c8b13777d1a360a6c896b61d0c1db96da6621a7b9ba5d649588a26d43f37f960defc0f2f8226f490525ea419356c7a81dea9b5b6dada9f25a61054805b93dee1ddc5496a0c738b1a483adb456251c0f4ad920a389bb91269dee91da92b756e5855ec11b314768f0c395bc3313ff2b50cda7cb897d0e59240d194c92334e40bb6ff00e2bd1b78a61e7dd24a5271eac6df4eb4ebdcd5e8af87cfc91f39d8186b58f690083192ee7a152ede1f0e8bd1f52ba7c4dee07d77b1c7c9dfcd73bcbd3823bbd4b1cc1fadafa22dd0be469279767f92f3edede851a7c35d5b8bd73c9ff332b477b5bfc546b5dd3d7d1b5f84d7661a32374cc3c36d7cf4482f1d9e0f534a598ac0db5dae1727bd7ba27b3e2dabf33e88f47b4b7e8e401c368f201e2be7e4f2fb38be96d08d863c8ed09b0611c08ff85cb6eda249d6b83b30d5afbbbc5a11a304206795fb346523ff001447378fd20a8a47c8465eb5f99d6e0765d6b2e592bd98ce07ec32c6fd5d4c5ae20f269dfe0ba387b2bcf439e9260386be5b82aed2619986c7926969a4f55da81b6a751f35b9738fb34707eb4b9f1bfb6e25c01e2401bdb9acc9564636dfbf6546c459c2ff0091d63f25bab96486063b40c74f21b7ddc8765d225e7bd5cbd544e8a52c77f41767966103ef972fb4dd3f8155995498eba687885a652b9dda6bc9d5c3c9410c8d0c903c0bb6fc115629dff7ac70545aad8f375bddc15654f0a01b56f67b2e65c7d7f64166b74a817f55edfa69fb20a728cb11b725044e193ab3b8b7d4a0766244527e7d7f7546839d79dbcf50efd9543aa866a978360d658fc104ed7da2000ef364052b333cf37136f00825972b9cd1bea2c3c111e91e87ba13538ce2f057ba3ff0d4125c89458676f69d71c9a2cbe8f130ee773ecf99cee474c6bde5f426194e5b46647df34a069f95bafcc9bafa52f852d302cd0392c284434a0105f9bf19ff00a8ac3a988a10080b20100102a2040228442a04dcf7229c00d911e63827459b47e9b66aa2db324619e303f4653f35f1bd4ebaeff77ea7d1727546becf51c4e414f4524c74b6b986842f890fd07bb848b13926ac0e71cb09272f1bdbbacb130f557c2c564eeab0f11819f264647bbb5f0e26eb2d41945008a691cfb1738ec35b5b503c54956853d36494388d48f8286d7dcd69676bd56ea470d1444510c94f2666ded724f79d7f751562999d5420ee40ed1e67b9127ba460b0ed7893de550e22f7b1f3544160e98dbd916f351a32a5afeaacdf59d70022390e9742c741905c164ad7f98b060fdd6aadebb39fc6e0ea993c2db1775a2c06fa06dafe6574aa5a1cfcf837ff009861a38ce66476cd7e2fc975d627b3cf6afccf2dc6a91bff00a92a0336739e7e6755eaacfcaf9b78ff0051530fecc552e77648665b8deee2ad929e25de7a3cc3c42f0d6ec434bb98d77f8ae1925efc157a5d646f7980b75ea61cd7ef0efe0bcef633ba3cc74c25a802c24a9786f835c841b8eb1ecc12be9e2fc42f7c4d07dd96df4563cb178ecf16c6684d2e2d101c05efbf7dd7b2b3d9f2b246acfa03a0b1ff00d1a377bf1b1dddea85e1c8fa94f0d16c2fb0cfa0ce48faae4ee563892fb8b1d3305155d9166a777375ee3faee5a1975b465d4cfa7f68b0f57df62ac4b9cb9faa8c32afb4dfbb9d8239b98bec7f65da3c384f94341182d9e99fb90434f86df228911ecc5c4295cc2caa1ebc27248d0b7b7298f768509865d41b58e66b86e0fbcdf8acb4cbc661736474726a0389bfb25926875e1aae9570bb21f4e0b1cc7768b74f87eeba4384c39cc630f04671c3d52ba565c6f5624d13af670e7b2e90e16852786d887827991b85a60823191badf92210b40bdbcc28a70ec38380d1685e7c80cd7f648ffc82a8aec698aad9cc92d03cd112d6b4cb1b75bb9848f222ff00ba081e1a61d7b8a8aa9581c2067e9d0a2103ddd481b0d3e6834698be4ac87bda49f82a89aa4dea1ff9ae6c76f3550833971b711a1e436455b8c105adf01fd7cd11d2fa3fe886258e63703e99b962129cb2385c0118dcf9af571f0cdacf2f2b9114abe96e8c74521c158fa161043228e2711c72f6e5713cdce2bec446a1f9dc97ea9dcb7c6ac6db4166b47eea39a65148884d50220d09bf19fe2561d4d45080402211008040a8040a8040881420a8dc3e17f4820ad03ef9b13d97eed17caf57fa21f7ff0067e7e7b7e87e3b2b3a92c78cd97d66dfc8696370be0c3f570e4e481ef98979739a37601a9ee2e394342ccbd108e4944723c119ddeb3a3885e303bc8dfccac2a266212f5a4e42d8c5b52e009fe03b915af475b0bad77f6cf0e3e4a0b99b30b7b1eefecb2b0b032bc59da0e03c14d0b311196c8c9f63e0a8648d7374035458942d6656eba951b4733dcc617f1b2244397c729e4eaef3119dd3b5e7f4b6ceb7c92ae8e76add24f8f64cb7cd2093c9ba8b7c9758f0b3e4c828e466251d63db94b8f5a5c39136fa2dc4b95a1e438861a4749660e1efdbbfb64af544f67cc9a7cec7a1a7cd58f85c2e1d25c8ee0b56631fd9ea3d0aa3c93308d1af60fae65e6bcbe962abb58987ad371d82d7f8d8d9df40b8bd310abd15a523057c43f15b50e3df62491f5565883312a66cb88447fcb99e4f75d835f9ab03cafa4d4269b19c30cccfba782d71e06c6c47cd7a693da5e0cd5d5a1eadd039ff00e8b1336744deab4fca6c3e4bcb91edc51d9d0bd8dbb39dfb5e61717445388bac6803d7d09ee28a8a5023947293f6564daad4d3f59935b39b7008ef56125cfd7520923bbc5dec25a48e365d1ca598c81f23330379e337d3da6772d3073a064a335af1bfb320fa79a84b36aa94e1ceeb2205d4c5d9b4dd84ee08f74adc4edced5e93aaa28dee6bf42c75daf1b821db2b0e76861545218dd25c66b6a4f3e00aeb12e16862e2510b5adae6dd6e1ca61855d065df85d74871b43327a58cbb36dfcd7479d5a4a617d5bdf71b68aa10c56d8f7a08dbc7fa3c55813b9c016db8c60fedfb220be6635c3d6690e0aa25980b9e02ff00b59047332c039ba6807ec82ad4b5cf87912fb58ec818d68109ecf8282f5200c39c7b1191e674fdd5435d2eafb768f6ade37416e8e0eae9c9bddeeb36e7bbf9aa3a4e88745314c66a07d8d9d648cbf52c3a8b8ddeefca17a38f866f2f37233c523bbe8bf461d0aa5e8ed0b048d06a8c61d2b8ef7b971f3257d8c78fa234fcf72337c49fc3afa787244f76f24ee37ff515a9704cd8c00d0366ac8722911088110684bf8aff00d4561d4d45081101aa204020102a20ba2840202e8041250c79ab33f26d97c9f579f96afd0fecff009b2b6310deabb76caf6d8dd7c287ea225cde21055d35cc798c4edf5371de39a92f5431a5ad9446067ca36eac01626ff5f15934cdab91e0ea5808d6e4fed76aa0a2c54b4b6d26ded59b6f968a4c2d5d350626c92dda24bb6e1f4d561a6dc527dd69af7a8cac327dac2c4a269335ec779288479e292b06381df608a8248f3b85f61c165bdb9fe93441d2c2de0f0fed72b34dfe4b50d55851d3b5d8ebaa036cd31e58cf88fe016b6de97f15c30ba9aedbde36345869ea9bfeeb70e72f1dafa51274caa2dfe63242de4067d17a63e978b5f3aad2747b2626f9f42c8cb4dff59b7d559b335c7a977bd11a3cf8635ed61bb7282de3d9273af3ddeec7e1d755d15a074f1df3443291f948b7caeb93aaae1903e91d980ecce599477b065576683e89c6591f6378dd99a39172accb86e9de166a6828a70ded46093a6ee26ff50bad2cf3e7a6e1b5d097d4329b3bfb2d76b6e4f1a10b9dddb1f8759512ff0086eed095cda265bb9a783468a2a1ab6e7cad3ec9b82a86169cb20e474faa892a92d347d63ac3497b45bdff00f0b4cb326c1019c4911c998e8ef75c3bbbf8abb4e932a70dd083d873ad67b760e1b5fb93a926aa9f673387c72b2d347a3adb7715a62619b3e1d68df95b937b39bef722174db94d5938a537594dd658e6b66bfcd6e25cad1b860e214fd9cfbf6ad9bb9db15d21e7b430f1481c1f235deb0bae95971bb1e78f5f1b7d575879ed0ad2ea5a40d8ad3081e2eed3650470b4f5a799d39ff5bab0925b836b7b1d93f1550c69765b69706c105a63de72d8ec0ff155124ff87af1b6a3faef415246bbecfcac4940e6421b4e070cdf4b0454ee66492f6f5dd6b772326c10e697b3abcdec7c4a2bbaf47fe8f2b3a455c612d31e1b4fdaa8a86ea36ec8ef2792f671b8dd73f878b97ca8c71f97d0bd0df47b47d1fc2db196345554bc3a5207e153b497323f2ddcbeb63ac57c3e066cd37974b4b102f74a7db6b5c0789247cacaccb92d2c844408111485108834263f7aff00d4561d4d45081100510880ba02e80b9402a16e81502201416f0c04c8e217c6f579fa5fa6fd9f8f96d24c628cb9a1e0ebb597c67e86b3dd8ff63ccc2d7b03e37f1d5aefebe6b12f56d8f8b74664b3a4a67b84675cb200ef9f1596a2db71b8a50625148e2d6322b6e6da775f35d6a2cbd0c02713825ceefbd238585fc75b0f82e9d9cbbc362831a98640ebb6c78b2d7f0589aba45dd6e1f8cb9f0b4c8f05c39edfbae330e90daa7ad63ac49195434b114ddbd3cb7449580fd7bbe6ab077ac6dc42a227b06fc79a9a6b6c9c6b0f7d53636b06ce39ddc72104151bace9528f0b63a063bdb2c06fdecdc79ad2cdd6e5a594513da5b791d724779fe0ab3beef2da4e8d3fff0054d412ccdd5e66c6ee43ac17f95d75ebeccc63efb1896052461d288f2c6e7e57dbdc73c01f34ea268eb7a3f40da571880b46e7388f2b68b94ceddf5a6c4dd9696ee1e2cb2421644231b69b83c8a0631a734eeb126402de415460e258699a859111ef3997d6c5bfb2d221c3291f152b766f59bfea6ab2436612f9227b5fa3b97d2cb22c4458e8813eb5b51e0b21b3004e6e7b11c94543ab26713a8d08f2d16911daf2e53e21250d9211637f6b50e590d8c31cd2c947ea45569b0d8cca2468ed0160eeeef562599855a8c34bbb4076bda1cc2e9b6261cf5561e5bd6c5ec12743c2fa85bdb84d5ce621873e36be3737b241b782eb12e16ab9bc46139c178ed6de3cbe2ba565c2d0c0a9634785f45dab2f2de148c65a6ddeb70e7281feb0f346510b896e6d6bdefe5a2a88ee2f2f0b91fc7f74447a87b07027eaa8bb0fac6fc1a3e37dd544b567eec0e5aa0675770d6b86f61fbaa2d3e0032376d6e7c06aa08653fe298c682e79d6df4457a7fa35f42b89d739d886231e481b23181b70ebb9c3f0c5b8ea331d82fa7c6e17bcbe472fd4223b55f417467a23856023ec94b1e5863d3c4b72f68f337bafa3d3af0f897cb37ef2d8734482ef17cfadbb96520c6fe2bedb0ca3e48a72881005148810a21105f97f15dfa8ac3b1a8040204408815017442205baa040a81100834b0860319777af85eaff00547e8fd4fa0c7fa76fd56e78b38b397ca887dadb3658835e6d6bf10ed8ae72ef1269a76069737b4d3ae4776803f559986b6a35d83d249139ec602dd73337ed775fe8a3a56d2e5318e8843337b11c7a6a00b875bb8b75091330ebb8972d3f471f0973439e03bd5bb89d79df82df59f0d5990623459639237753c266768f9d8a4ced2234d3c3f16a98cdda337c8fceeb94c3b43a3a0c5cbf2e60edb4bf1595986d43500ec55725ab8b6eb4c87b89d879a2c23ea5ba3c1bf30ae8da311b584968b5b80d954239ba9235ba23326c369d92ba70ded924b8f8ef646e254b10c169ea616c0f6f62e0bbbedafd4235b4b153c5106e5bddb7dfbd4684b6d3838851504d2f6b2ed9b4f92d6845d7642dbf2b79a433281d2b6c0116074fe4ae99dabb9cdb65205c70faaad6ce826665009b3c697e2b3a3658e52d7b8df47ead1f54d2c1ef9dbdaeeca4782c3463e46937bed7cde080790ef54d8b4687bc2d307452873356ee2ee075d792c87181addf6b6fc9654c7c603d20405ae06d7d0ad30ab3d1c6fb93e456b69a636298332484b6da9d8f05b8b39dabb7138a60cd31be222ce8f6e6391fd9778978e6ae3713a575e461195f7bdb93b8fcd77a4bcb92aca9632f69be8f1a2e90e130ae7b63b5be8569c90c8d6e62381f5bc954579a2776003a5b54447238b0759ed91d9f13a7eea8bd4a1dd4b7897e83fd3baa82aa40e22da6b641628c35fdbdd8dd00efff0094130775b23edb1395a7bceff20a3510ea305e844d5f6972eb6b0b2f9b972f77e8b8bc38e877b86743ea2998d0d7c91f562ecc8e70b72d970f8d6fbbdbfb9e3f788767d1ec6fa4f83e58e4a87d6d28d1f0ce737fb5c750be871bd5b2527bcf543e473bf6738f9a3e58e8b7de1e87418853d7d1b6a60f55dbb4eed3c415fa7c39ab96bd55f0fe7bcbe25f8f9271dfcc7f74994024f13bae8f304020102206a20417e6fc57fea2b0ea6a284408a44020100884452a20540805021d9525b1837e05cf1257c0f55fae3f47eb3d123fd1feab154e310cfb8f697ca99d3ec446dcfe2edc4271fe09ec1f98f05ca773e1eac7d31e5c574a3a72de8ac3d6d762719781eabf2dbc058df55bac6d6d68f3ad432ba39fda5fa198a4c20aa7be075f289002e69fdd6ed86ce35cf8e5dfd0e2183e290f5d452c752c23d68de0fd362b8e9e889fb23aac322933e50413c0eca4b7d4c89f078d87265395dbf77d6eb3b748963d7604f85e248417b2fa7bcd45d8a3cd96e6c1c0e86c47c8a8d6db34b2bc583ad6d3b5c1196b452696e3c82d43997acd6c2c8a7871e3e6aa2391e72db97c15113e60d6ebf35534a72cc335fd84d3508a5986c5ddf7545692a585a4e6db65997485493116f305c36f04855497138ed676f7b82b4cab7f79824b4e847aa6fcd56265427c52c5cd2e16e7f4d56e21ce6c6498a48eb67f59bb8e7de1674d6d19c408937d3defa5d346d233111b8f6776f8f0f3e0b3a6e253c7539b46bb470b309fa29a6ba88fc4328ede9c1ffbdd34751edae6d8389ecd9349329e9ab1a24bdf4fd94468b656b801b8e7dcb0d18436d606ee515108ddb1550eeab4ec9bf3082b545331edb0fe4b4c399c7709cd96468fbcdbc4710575ad9c6f4f7703d26c26c44ed1dc4fe55de9678f2d1c9d5c595db77aef12f25a19ef8c07edd976c7c574870b41869db72ebe805d6a1895220be625da5b57f804116b33c6d7274b7244683f24218c0746b458f7b96854eb1d99df90d9838971505d676210c1bc7abcfe65265bad37ddb7d11c225abc563832f623ed3fcb7f9d82e396faabddc3c1d5934f77e8de0b1c346c197603e617c9bdb72fd563a6a1ba297b4db3341a9f2d973693fd99ae8ce96519995de8848e8abe5a7f625666b7e66ff25fa1f43cbf34d7ef0fc77ed6f1e271464f789ff2ea0afd1bf066a04408884408813820d19bf19ffa8ac3a98815148811008854508138a20402a0402810aa4b770c6e5a76700bf39ea33bcafd97a4d758216e585924763e6bc16af67d189d3c63d3074eb04e8bc2f820a96d462725c434d03b3bb30e072ae14c3369d3dffbd452bb97cd78fd174c3a4956dc531a6c905349f821e08d39471efe6bdd58ad3b43e75fe2669ddbb43264c126a69cc6d12c51b75ec8fbced69adb65d714f54b97269148ecdbc0aaba4f815636a709c466a5b333c92175da2da5bbd7a278f16f2f14726d59ecf52e867f6a46325830ee9740efbcd0d742de276cecefee5f3f2f13fe97d3c3cddfd4f65a6c4b0dc4a89b5341336581e342d3b1f0e05782d135ed2fa54b44f7844f0ebd9c6eb2e8a93519be78c6a77ef543a9a26e61ec96eaaaccb4a300b5573399a9d75baaa738d8eaac21ae2326fe2b48a3552381b0febc546a1915f5ce6b6cd7007b91d2219535755b0dfd6eeb2a8af558954fac185a3dd76ffbaba36cc9313964716e4ce7dd04823bd5d33365496b2a9b11bedb6576ff001e2b7110e5332adfdef2965b7fca7fafdd6b4c751cdab8e4d2424388db9fec5349d49366656f69a36bfedc91a491c39c7ad91c3d93c1665a8191d94f5832fe66faa7f828a609258f302496713cb914123ea5b3c795ff008a458df670e60a8a653be589991c4b80d8eee1e5c6dcc20d0a1986920d2fc47abe7c9665a896e539b80469ddb7c17396e164c0dd1cd3e2b20646dfe4aa94b2fb69c94444e8da013b21a50afa50f68e7717f35b896661c8748f08ecbfb3d87efdc79f9aeb5b3cd92af35c6691eccda76a33af82f5525e0c9560cc38f01b7c576abcb78472b5996d6ec9badb92acec05a1a773b9550474dd544643a5fd41c405433aa91cc3c4ea5df4550ea2a5967ab6c71825cef68720382cda75ddbc74ea9d3a6a2e8acec8cc92b72e41d6116d3237bf9af34e4dbe9d7074c3d17d18f447ecd833b16adfbb757fe1077add5836bdbbcb8fc179f913b9d7d9eee057a6bd5ef677b558c329203f658859a0f69ffc179a221f4f72e42a3d25e3cc95c6f098c702cfe055748a35fa1fe906bf18ab929aa29a36c6d1a4b1dc6be06eb113dcc98751b7a0746616bf117ced1d98a3b79bbfe17ddf46c7f3cdbed0fc67ed566d618a7bdadfe1d012bf44fc2910351088040880417e6fc67f89faac3a9ba2284422034402054088150081150280441c506f5312c85961736d97e5f996ff00565fbbe0d3586bfa2962b876238830d3fda1d0c4fe11f67e3c4af2777b62621cf527a18e84e1d33ab62a3eb2bfd67d5ca7ac91cff171b5870fdd6a7695bc6f6e1fa77d19823ab754f564170cb248e049b70ed5dcb944be8c56261e5dd37e8fba822662948c2e840c950d1be53ed77d8af671efa97839b8fae9fa386c5a497236266a6519981beae86de04f72fa1377c48a25e8d742713c7312c3e0a48cc950e97b2d1a9ef71e56dc92ad69b599d3deb07e89e3381c46a70f3d86b8309f626234ec8e23436f8f15cf3e0ade3bba60e45b1cf676787d647594f9c8caf1a3c7272f83931cd674fd0e3cbd71b84ad6f0f92c43a9e29c5f3b7e1c15636b313464b13e4b50c95cc2385956e1149c8edcd1514923fab3b2bb4d285448eb3bb946f4c7abebc9000b6b6370ab4aaea77bce520e9b0d77e6b5b4d2bcb86b9e7b44e63b8536695aab09d2f91a2db0e2ac4a4d5467c2642d20d9c7dd0341f15b897398509ba3f52e75d928ed1e01c3c96fa9ca68947466b98ccc5a0bb9ff00cd93ae17e1c88f0bad6685ee3ceecdbc2c53aa17e1cad37ed0c686b8b5c46d7163f1056770d6a52b1b23b4745a713a0f98517bab4d870eb096b8b5de1709b4e80dc3e775c3acf0798d7e49b5e94d1e1ef2d6f6b3f73ad61e1b9536696e9e8a0bdcc2d0ef7da6df158db5a6bd3346c2dddaaccaae47134f0d5642b59c46be2a28700508412016ca7e48d2ad500473bad24c31b166091aeecadc38da1e71d21c3bef9c2da11baf4d65e3c9570f5d018a5742e1eadfe16baf444bc168536b4960e4d5d9e721a763a66b6d7be807eff1445a8a85ef7d87685ec0f87f1536e9d0af551e57754c610e272823624ef6e6af524e397acfa37f4694f8661c713c645aa2a196822b662c61d891cdcbc39f36fb3edf0389d3f34f997451f465b532b2110165134832ba4b6775b665869beaef82e3f135fabd7fbbefcf86ec948d631a00d1b6b7734725c665e9d323a4d33e0c2e797936eac351e5e53356cd572886019cacdecf6e2c6f49e80e0e68e91a5c334afd5de2b154cd67b160340ea3c3c093f165ed3c72e417ecfd378df0b177f33ddfc9bf6839d1c8e47cbf4d3b47fe574af7be211025d108804088110684df8aff00d47eab0ea6a28442228d5540a0102a0100804088040e66af00a4ad7cb7da40f1e4bf2392dbb4bfa0e3aeab11f82e62d37e0b9edbd24eb0b86f63cd6e258d32b1be8de1f5ec2278c4b71bc9da1f3599a3be2cf30f39c77a16da6ebbecf4a5cc37b8bdc1ff004f2b2cf787b371679563be8a6f39aac21eea294bb34947336f1df8e5bead257a69c9e9f2f164e0c5bc767a0fa2ac1300c0a99fd7bdd1e255366cd3f00cf69ac3c2fb2f753934987cfc9c2c95fcbd3df5b83575388d92c6d3bb4dc59bddf05a9bc38462b6fc39699981e1f5ccfb354b3efe531be206fb71fe6bc1cbc3131b8f30fa9c5b5a3b7b2d54c2e638df42d5f29f4ab29291ddb0d771171dea9685fea3c9572d92402da855a841236fa7cd1a8569388576ba67d4c39b31daea36a32c7dabdff74691b5a0bb7b26c4f0d303ae5f3512561b459fb22df5faa6d993db82b49ed348771b680f8ad431d4922c1a3d6f933f01c355769b126130b458769c776ff24daed4aa3008b77375decdd6caed76a6fc14363b754c0e27bc9f82ad6d51d8355dac23686f7f6be482bbf0599a6ef75c7ba1a136ba44ec260172f0093e22df55369a4916192b5ba02078a82d752f60d4b6fcca8a9e9e437b5c78284c2fc5182d3717f928c482c2069b2cac237b3546e114a2ccef4552a86dbc1581915a2c2fcc1695b872b389e91460e6d2c45edf55e8abc991e7d8f33ef0b8eed5eaa3e7e4636184916be973fd7c17687925bb82e11515754d31b333b2dd837173a3566f677c58f6f42e8b7a3789c3efff001a37ddfc8b480465fa15e5c995f538fc5d79f2bd0743301c27143348efb64ec3a66032b3931addb458f89d9e9a71637b974a3a4d2d9a2cd781ef0fe0b94c3d711a20e96c41d67c1e162b130e9145b8316a4ab3d9ec93bdd65af8730c7f48317ff96aa9acd4bc06b4fea364f1098a37772fd08e85c85cd775799eedb4d572ad66d2fa1972d690f6be8c7445987c6d9aa80330f523e0def3debf51e9de95d1f3e4f3f67f38f5efda4ebde2c1e3dedffa6fb89257dc7e3208a29a880a04402044020bf37e2bff0051587535142044020110205405d0222951088041252eb5318ef58c93aacbaf1ebbc911f96d8d17e3f6fe826b8972caa312e5e1a244acc24158ccb6256e2ccf4239cc3230b4d882b5d4d46dcfe33d1ec3eaf5744d75b6bf0599887aa992581374328b763f27316d3e5659e8768c867fe91a71da6ce6fc37f92bd3f95f891f673bd22f47b5860925a69e48e57e8c20dcdafa059b5a61d71de9f676ecfb74fd1fc366ae6e5ae929d9f69ef900b13e7bae3679a9dad311f714101b858886af2d86eda2db81923065d51a85395b6fd9474529e4b1b0bedbaadc4294ae75b6db8a8d332737051b431c843c070362a0d5a47b3c965ce614b1de9ff44ba3d618956c50c87511970cc7c96eb599f0e57b457cce9cbd47f692e8467eae95e2527f3340f995de38f779bf79c6961f4e587cad2e101ca2c0d88dcedaa7c0b35fbc51768fd29e1b37ff004e5b7ee1b1f0527159d6b96b2d7a7e9c60f33831af0c3f0fe0b3a986a352bb16274d33736707bdbaff00351ad03d596f65da1ded609b55296962ddacb91b6ba28d9194efd0d8068e0d175124b2c64baee25dc797d13688c535c9b002e82764072dc9ff008504c34360aa0b1b6ba7259531c39eeab7a43201954551a95061628fb35dcb42b70e7671b8fbfb6eb71bff00e257a28f1e57018c8ccf92fccf92f5d1f3f2b2fa3b45255d7fd963d5f21f677b7123c97599d3cb5af54bdeba21d18868e191f2b7ef6a2c434dbb31b0656b4f9597cfcb936fbdc7c315f2d492b68a13f65a478ce34325ef97c3bd71dbd910c8aac2e6bb9cdbb803a95ad3a4599f55781b728b0cb9311739d6beab1697a295743d1aa79a695a75b2e6eb79d436f17c39f89d5d3e1b03738043a4ef3ec8fdd75ad26f3d31e65e3f8d5c71392d3a88779d1ce8dd1e114edd01a923b4fe5dc17eaf81e9d5c31b9ef7ff000fe71eb5ebd7e54f453b63ff003fab51cebafa4fcf41aa04408811008110080417e5fc57fea3f55875374450810a205542804020102a01025d10975458c35b7aa69e02ebcdcb9d629fd1edf4eaef3d7f56c1e4bf28fdc80deca8a82489aee1aaccc3712a33992375c5c858dbac46d17db5a6f7562cbd0865a86df4778adedb8aab4b2976e6e392bb6e2111ab6ed617e2a6d7a4f8eb62bdcb038ac4b1351533c95161f059982b1a58a5a7735b726ce519b4adb6f6f0521924deaeab4428548d91d619b51ebecb32eb0a3500df5db8051b852a8683c105502536045c705554fd21748ddd17e83d5e2e5bdb8c65841e2f768df9a529d530e392faeef90ababb11c7f1d75462533a5a9a97f6e476b6bf2ee0bed52b111a87e7f3de666665d23f02c361a46c3042d0e0ded4b6bbc9e26e57aa634f144ed9f24788d2e271b69a7918e932bbab69b026fc46cb84d7bbbc4ea1ea506138952cc3ab7b99241470d4cfaec092093e252d861aa669699e93e2d86caf6d6533678a2be71c6dbdefe0b8db13d15e43a1c17a51d14c4435ad95f86d53b81259dde0bcb7c6f7e2e43a86c58fc0c1253be3c460e1c1d6f25e79a4bd55c912b14dd20a27c821a861a69fdc91b6d7b8ecb9eddba5a8258df1dc1ba9b64862d2f6d4aba367360b0db7e2ae99da4eace889b286d89e7de8a6bdadfe2b2dc21734dfc146d03803a1d388414aa5a36e0a2b0b146b4b5c37ff0082b70c59c2e3e4f689362187e6bd347872bcff001490759279fc57b28f97965d57a1ec0b2b6bf1ca88af1c2c2d82e34ce3536f25cb937eda7a3818f73b94f57d30c55ee92d3bc35f7bb41b2f1bef4551d0f49656fae7646f4eab0ae96b0c795cebf8aac4c28e2f8c3253d9525db1d55709a492a6a45f50b84bd7e1e8f87430e1f879791dbd80e64ec15abcb92db767d13c04d0d37daaa45ebaa3b4fbfb20f05fadf4ce17c2af5dbea9fecfe71fb43eaff1eff0a9fc3aff00796c12bea3f364254525d1020440880408804020bf37e33ff51faac3a9a8a10220101a22045080442207c50cd29b31a5c7b92674b1133e1a347d19c56a2df77907372e56cd10f4e3e15ecd9a4e8344dd6a24bf705c2dc87ba9e9b1eeb55d8350d0e1f23a1659c3da5e4e56499a4be8f138f5a5e34c80be1bee17c515149a37bd665b85795b61aac4b70a1554ad7dee1625dab652928a50d3aa8e9d4ad252546d9956fa959d413ed9936df5c2c414b2016b78aae7695e8698b1b72ab94cac81dab292ca51d95984579e5274e5b2adc4294c6fb9f055d34cda87ebbd9665d6214dd949e63eaa2a3918323afb2dc3326e1ac89f201c6faa9292e3ff00b46f46f1ac6701c2f0dc34da074d9aa2fb1397b37f35bc578acb8d71f5c4bc0714f455d2bc1df1d53e98cec68ed98b53a71b6ebdf4cd12f067e34f92e1efa7a88ece908ac638f58c7e971e0bd959dbe65aba97a7fa35f45f07486b60c4a5872c109f5de2c2f6365e98c7111b70ea9b4e9ea157d03647533c4dfbf654d19a7943b8088170b78dcae52ef10e77a51d119609d86a236c62a293c6f27546377d024d59d7d9e638ec74b1d3e1b29fc37c6e6ca2fedbacf1f3365c6d10ef5acb3f08f48fd30e8e3ed4323a7823790f865b96f75b8af25eb597b31f543d47a33e993a358ec6da7c7293ecb39d0bc8bb6fe2bc9687d0c713ecede84e0ee19a8ea43a2e0d26eb9e9db73eebcd7423da0478a32904d19b6bb7059da6926e469e0a8422e4951a31df1e48d2b39bcf659745591f679e3de8aa73936d0eaa0c6c4da1acf1dd6e18b3cef1f96f1484fb3604af5e387cdcce5f0ac16a719c5a2a48c59f23b33b965ef5eadea1f3e2937b69ecb4982d3617d15969216d991472e623da758ddcbe765b6ecfb1831f4c3c69dbdafaa92f7c2325cc3caea3707c151366ecdd36dc51bd84d0d5d4b81702b136778ae9e89d16e8ee5b48fd0017586725f4ec3a2f863711c4bed8ff00fd9519b45c9f273f25f67d2787f12fd73f4d7fbcbf2bfb47ea5f0317c3afd77fed0ec9e6ebf54fe70628a428844020440204ba01008110684df8affd4561d4d45081100804022041a587f47311ad23236cc3bb8ae76cd10f4e2e2deee8687a0d491eb50f2f3c4705e6b7225f4b1fa7563cb6a9b0dc3e945a189a2cb8cda65eda62ad7c272e0b2d9849419f8ec9ff004d93cbeab8f27f872edc78f9e1ce466e3b97c687d53cec56a443604959986d04a1b737f82e72dc2b3cdc7058744248b6bc14691b9ba6ba229ad8db9b5df656152c34433dcf92d4431374cf6ffc293290646d20dca8d49e4dc10ac32a554eb6c6e54976ac284809d4f8236caa9177904e9c5625de15dee04800a1a38f6872d16e1ca49454d9270e1a712aa4cb772d34cceaea999d9ecdf824438f78f08ebfa3f86d641d5b801a69200bac411798701d26f43d834d2b2a1f42c9e61fe65ac74ef1afc5758c96ab338b1dfd972096bb06a08e1a5749140dbb5ac6804023c976fdf32311c0c6ad274871e92771353235ccbf6bab68dbbd6639576e783451c4e6aec4e3a7eb0cf52d77633b89003ad626c069bad4e6bcb31c6a47b38aafe86d53a85d13632d31019491da1dab6e6eb3d6cdb0cf854c77a11898aa33be3ecd5c6c764ffee32c1c34ee2a7525b14f9fbba9c33d1740d20b85d92002e47aae1ab4dbe20ae56b3bd2bd2dfa3e8454d30029dee6b7631dee3c97297a62ed9a4c17108dc010eb7e6d96344de1af494161a8cb6d934e7365d0db001560d2d0429a5579059c547485496f9965b549ec35bee8aa9238db9a0c5c549eaa4eed6cba561ceef38c70191bd40f59e493e0bd78df2f3fd9d27a2bc11b1c9515ce03368d6bbc7f904cb65e353ddd6f492ae0c3fa315f56f368d9139adef73b41f32bc5e65f4ab0f18e8fd39a99c5c2967beb47a451f43a96aa99ad9630e0e1b10b2ccce8fa5f46b410cb76b7b3c0277232ba08301c130b844954f6443f37f04d1d769f07c354715a8661d8630b6190d9d29d2e3c392eb8714e4b456be65cb9396b831ce4c9e21e874343050d1474b08b3182de27895fb8c1863152291ecfe47cee65b9396725bdff00c245d1e62221a880a2911020440204402010684df8cefd4561d4c452a04402044458a0c3eaeb261142c2e278f059b5e21d31e39bcea1d9611d0fa5a66892abef25e5c178af9e67c3ece0e056bdede5b83231b9582cd5c5eef069794364cc81b9b54084a0ccc7ff00f60efd4dbfc570e57d0efc6fad810db22f930fab2766d6dc10d1923da1665a8852a8711b6a7f75ce5dab0ace73fcb92c4ba23f0595340cc75e0a89e3671df9ad43132b0decdede4b4c1bd5df5e0b2bb0e6d90d9af02dafc155867549ede83459977aa94ac196e6f7be9e08ded9b387dfb437d4715975851b358eb6e565d4f8bd6eedcad4395a13b757348d56dcda05d980cbf1473232be480e579d2fbadc4b5d1b5b6d7452d86dc56e2cc7c32cb4d493c394e5ed6e56f709dcd6e01405d9b2b4ea085619f8920f47e88c733320199d9c78ad4b3d6a189e014f2e52e6376c8eb71175ca65b8b23c5302c3e68610f6dcc46f6e6363f22b3695895a869e389b66b7517d4f1ef59448d233e6b6eb2692e70e36b69f25a4e944f735ba7c946b467585dbeca6dad22b65b9defba8a826bef6f2496e15a60565a8509f993a714694a42731ef4463630d2e81c36cc43415d6ae37972b261fdb96477aa4e560eefe6bd112f15abddd97452845260ac6e8dcf77b8edbff0025c72d9e9c55d385e9d74867e9157ff76505c6174eee1fe6387b47f65c3c3e8e1c7ef2d1e89744dcd7b1c58b2f4dadd9e9547470d3c00b86a02b5783259878ee255bb51f65e7dae4b532ed8b1fdd9549d1e9a793ed55d2be69ced9cdd727b3aba7c37707c69d836251f574ed34af191d517d73721e0bf47e918eb8fe69faa5f81fda3e54f227e1d67e58fef2ef598de19201f7edb9e175f73e3d5f91fdceff0065863a3905e37070ee5a8c95962d82f5f606e375a7235190811008110050081100aa2fcdf8cffd47eab9bb1a8a54422291546ae03d1fa8c4a71ecc23d67ae3932f4bd5c6e34e49fc3bda2a0a4a184450300b6e79af05ad32fbf8f1d691a84a438eea3489ed7222074c46e8a3ad25036e514f6a22be27167a1947e5bfc163346eb2e98a756872b15f281b5f8af88fb49049c136695e79ada91759996eb0ab249987e65cdd6215e57d9b941d9665d22110373759548dbe6165595c89a76b2d43949e412eb5bb2ab297abd345a676696730a2ed5ea38a92e95673f7e64acbb2b540ec8ffe5aad350cd907de385afe2b2eca7232c735813b0ef5874857bfde6db2ad4c765a81da0e079ad44b8cc2fb01cbb6e8e45961648cd752844e99d353d4427347ab387723b45a24b0e24f66e6fe2ac59668b71e3d6ddab5d6e738533b1e63a3b2bf118f828c6241c036f709d44d0d75566370a751d27367ef513a4bd637c91743aced733c136ba2076676a868ee371f05109267dcec842b4ae6df99e2a34a933816d94699f33be2ab4a72100146659b5a06c75b1bae90e36663e93ac958c1e2574db8e9a98fb6a0e17f60a6390ccdcaf2383388f35c2f2f562ab2701e8a4703c69a9dd737bba9dc615451d347a0175621e7c96d9f5ce7175b71c56fc252aa4fa66bc5ecb959eba39fe95e2d3d27554145ff00bd9fd770ff002e2e2ef13c17b78583aa7aa7c3e1fad7a87c3af457ea9fecd7a0e8fd362187d3b6a2473320ece5fdd7dc87e42a7bba15531bc7d9eac3bb9da15268ef175fa0c27a5344e0e65ded1c8ad444c13312eb307aca99ed155c45aef7acbb532da1e6cbc6a5d7eaa86588661ab39af6e3cb167c7e471671fe8acbabc8440880402044088041a137e2bff51597535450804468603834b8955860f506af7772e793274c3d1c7c1392da7a25352c3494ed8216d9a02f9d33b7e8a948a46a0f452176a80b8410d440d7374f2414039cd7d9c8a9735d039ae3c502bc668dcdf7810931d8871af2639dcd72f856ed2fbb5ef01afec6fa2c34ab2bc7c375cdd62155eeede88e8ad34bbe6d38ac3ac41ad7836b1d382924c2785c34f92ae72d0a62dcab50f3d935edfc4ad4b09184f9f05610d76db6ca4b4a7546fb959975a296501221d76a956ecbe3fd73565bab32a1e45ede0b9cbad55de4bbc7746e10642a35b4b1b082093b2b0ccaf467337c360b4e3309333c70b82a268f310cbb79a0ad5186c2fd6daaad45e551f8696f828e9d68ff00bb64cc2db7254ea21a1983aca2c592b2964dae54d26d3454ce16d755a6664f7465ba1f254827793aa06f585aedaf9b8a1a2e720044d10c85c35f244d2b4ce76e770a350ab23cf245539f6faaa2a5410556659f37aa5ff05d21cac6d0c5793ac3ea8d8f824b3109dc4c9505e75e5e0b84bd54868533a202f6ed2cbae9a31e6caab3a4535efa2932eb48326a8a7a4a492aaa1d9218185f23f935a2e4acd63aa74d5ed158dcf88703d1ec51f89d5d657d63046faa93340eddc211ea37e0bef57174eb5ecfc1e7cf396f6b4fbbb9c360ac95ad314a40b69a2f54382dba9f1d692e63a396dc0e89dd634bd8763d8b53b836a695c1bc4b7b415dcb5d30eaf0aafa5aab16e8ee456d9e97450d2b1d16522e0ad7849aefcb2316c06587ef61178f9725edc59b7e5f1795c29af7af864af43e7110080408a81409641a137e33ff00515975354504a018c7c8f0d60cce3a009b4f2f48e8ee14dc3f0e6348b4af17917cdcb7ea97e938b87e1d3f2d058772140c3ba01017b1d764152b29c6e11551ba3ac5152b4a07b4a2397c729f2d7b8f072f93caa6acfafc5bfcaa44ee0fc979661ea57734eb73a2e72ebb529891a8360760b2ed0aae76baacb68bed1d5e8b3b5d6d2435ad29b62d55fa6aa796d9a16b6e16aa774ef36b79a75331559a598bddae8b75962d1a5825b6ef5a659b55a9d1625deaad7d3c382d436cfad91ce7919aeb3675a433a47d877ac3aa0dee7822a6636e2c8c831e96d6cac1b59801ca7815a6653b391b9bf92325b3982ee16e3a6aa485dde8a0b75bf03a2a85eac0dc205746c2db2a1991996c479a298fb02aac42b975b446b48f3800f10517461371750383b4b6dc956661139d7f15910ccf234274e6842abee06da20a92d8f82d0a950e69d15866542a1b76e51dc2de1badb94a57bd94d4597db94e56780dd4b378ebb9101396f65c5ec8ab4299d7e4b2de975921bd94347e5ed7682cccb50f3cf4abd30a2128e8bc0ecf2ca336201bbb59bb63f13c57d4e0f1ff009e7fa3e07abf33ff00c55febff00a3fa0781cf346c95cdcacb0cad5f461f9f8a3d630da06c50016d1743a56dd4a0faa16a21349a8a826cd7e0b5a46d52e1f0120b9803bde1a2d236a88399a0376a1b6a42d63db6f915464631d168e5065a61964e2ce0577c79f5e5f3b91c18b778f2e5268a48a42c7b72b86e0af6c4edf16d59acea4d464204540a205557e6fc57fea2b0ea628a4551d1f42309fb4d59aa7b7eea2d8f7af3722fa8d3e8fa7e1eab757b43b871d5785f6e4d26caa1a810a0440bba01c3332c7820cea88ac51a8247b2294a231f1d6025afe62c7c578b9757b7896627aa4df8af9b31a7d384129e4b94ba4336a1c77587a2acd9ea48908bacbbc428555710efa2c4cb7154b4534d2bc585d1caedba6ebe3b5c68772b6f2cf76b0a7b45de05d6a2ae5d5dc94da4ddd65616de162470b66576c4332a64cc4ac4bd15867d45439970d53a9d62aa7513122e4f926dd2219734c0bf43a0e0b2eb1058a517d4f1d969895d8278f98f0fe4ab94acfdd9171b700ab23290ed36ef4692c526b6e7bd95498484927b5b2920eafb5c2e9a5d9cd36dbc355611208c1e0ba74b3b46edeeee1c14d2a191fdfa151b85799db11af7237080169d789dcaaa86471000e17596a05f2fd5192976973e411947769f5b7512513f29d11104ee17b7154519dca8a931ca3bd6e18b208e3323c0e7a2dc394b88aaf48b873fa6f3d0cee11e1d4d6a7a79cfaa651eb1f02ed3c976cdc59e8dc7979f8bea11f126b3e1e8345491cb102d23c7985f39f71a11d098fc1454ec88f01b6ea34f3df49de9b3a3fd18a792930e9595d8eb8656b2339a380fbd23b6b8f742f671f8736ef6f0f93cdf53ae38e9af7b7f879ffa37c02bb1eab38c5717c924efeb2595fbbc95f5b7ecfcd46edde5ef5d1dc3feccc161e4b7585975b492b32d9fa2ed58634b905367d96e196ac34ec636c3d6e4ab12d3a2c3a790ea328551a916165bc5444eda72d5048c3c1c8acfc6b01a7ad8f6b4a3d5785d31e49abcdc8e345e3f2e22b68a7a49cc520b10bdf5b6e1f9fcb8a693a94375a7321540502283466fc677ea3f55975465450d697bc35bb9d911e998061ff61c2e3888b3c8bbfc4af9b96dbb3f4bc6c5d14d2eae6ec613aaa040850220102b74778a086a63458530cb5d1a388042233716833d2b8711a85c3915dd5e8e3db5673d36ac0e3a3b672f956eefab55395e72ae32f4431eba4cbcecb8cbd5486454bde4dc1d02c3d1086928df552824e891097b74ba7a1c3846c1a2eb15782f769368ce4ee1fb2bd2e3d4b4e78310b725598441bc51a924f2002ca4ad6197532924db82c4bd358664f9cf70dd737a214aa4168b83af155a8654f238c86db23a15b0b8817d1560a1af63b366d1124f87192c7657edef2bb6668d4a7c418f6efa26dcfa5345336f7d82ad6960cba5f7e41259883fac19b2def7e6a9a4ad70f51d716e2b4ce8e6bf28d3d53cc2e9129a4134836d8a4b710ab33c3af7bf7051d2210176960752a3466a06bc154268e2a2239b35fe8a4904b37211c544479eeed365949239da6de08c2ad4c9996e16149ff15a49559b57596a1cad28667648cb23244b202d8fe1bf92f4e1a6e5e1e5e5e9abe7de95513a1c5e76c9a0cd624afa1b7c3a426c1bd2a748fa34dfb352d5759133d5826fbd6f80becb8df8d4bf97b7173f2e3f13d9a87fb4c74ea56e48a9e8e277bfd593f572e33c2ac3d98fd5b25a75d9cb74a3d2e7a42c65ae82b71491b4c77820fb9611de196baef870d23bc43c9cbe56599d4cf645e8fba1155d27c606669147190667f3ee5d6d6d3c74a6df4e747ba3d4b86d2454d0b03630d00052b0ef2ebf0ca5d9a05edb2ef10e6db8689bc740ba691a58761d3cefcb10d3de558b4baaa0c1a9e9d81cff005b9a39ae87347aa3441287dc280288616844398ee0764566e3b82c55b09d3ef00ec396f1dfa65e7e471e324384a9a7969e631c82c42fa359dbf3b931cd275285698088115a13fe2bff00515875830daca0dbe86e146b31412b87dcc1da3e3c171e45f50f6f070f5df7ed0f402bc0fbe6944467440028040850080e281d20b8ba0a3237528d1bdc82962d288e02782cd9ba797366d988e0e1a2f8f68d4e9f5eb3b8db3aa8e4d405c25eba306bb5e1aaf3cbd94634ee2f90347a9cfeab2f4437308600d06daf05babc7925d0525cefc765da1e3b2eb480ce6b4e5a674cf9633d9f5792c4bbd50c78b461f925fbbe57fe2ac4c3538d6269439b74b42519d24adb9b95c9e9885596aa95ba38a9b86fa659b56e325fabd6eb2e95546519cc1ce51bea4ce89837f823312a55720b28dc43266ad89a6c4ebc96a1261629eb83756956596a52620c76e7c945e969c72ece1b2d329448f6f6afa7ec89a482537ee7735b84d1f24a3676d65a4884134cd1e7bdd56a210ba4241b119aca6dad217b80b0f9a4b5a35d28f54e97e2a4a748361b1be88ca291f6ecf0082324df7ecf159432ed06f74431d36ff24674af239a1b7bdcadc22bdf4db55a8625564ca3b5b01c5748871b598d478c52d69abaf63beee9beee1fdcf9afa3869a7c4cf97ae5e3fe922b61755bbecd674925cbcee1a55879efd9e77bf6cefdebbb991d60730e2890d3c0701aac7f1286929dbda71ed3b801c579e27a674f7648f895897d2fd03e8651747f0a8a9e260b81da77372d446d9d6a34ed68585e40b6ebbc30ea30da66b582e2cbb4312d8c3f0e96ae60d02cce2ab132ea69e9a9f0f8069da3a35bc4a39ca6687bbb52fc11038b46c8a68796b90588ce66dd442d94425910f6769b94f922b9ce9460c2588ccc1f78ddd7a30e4d4bc1cde3f546fddc69d090bdef8211020d09bf15fe2561d91dd07a0f42e89b4f83b64b59d31cc7c17cecf6dd9f7f814d63dfddb6b93d842823910461c81e810a04ba07040e1ab2dc90559dbadd155dce46991d2497fc11b2c5dd7147773f41375b00e6cdd7cecf5f77d1c73ec8abe2cc0f25e2b3d98e5cd6251c97b5d7097bf1b2c4133666b8fe18f6565d66634d9c3a46b9cd02daadc3c976f539b5b45d21e595bcd766eb6e7a56a98b5596eb2c7ad837bf82e7a7a2b2c5971dafc3dce65baea71ec1d08f02a45e5dfe145bbfbab4bd29c3e43db73a175b670fe0a6b6e91598549b19a17343c4cd2029d2e912a7ff00ac2829dc7ef09e7669213a49d2d53f4eb079347ca23fd42c9a94e884cfe9061f2b7eee46116e042c3718d818d748a08da5b1bb3c8766b534d7857c2708adac3f69a8b80750d5d621cad76d1a2646dcadf055cd037aea67e63ea2c4c3b44b6e82bbac683c4289355e654f0b5f4e2b69d2944cdb6fa5954d1bd683aefdcb4ba31d239e3b47445d69190deafb3cfea823cce2ed782aa474db83c38eea4a69109b5df42b24c10ca765a66611ba4d3751944e91b6d54651e6f2b5d5442f75fc1699920f73da76975d2b0e56707e933a630e1b1ff764125a77fe296ef6e417af0d36f91cee46a34f3493a6d57d5be828ddd5c735afcfbd7b7c3e56354a9a5754d13868e78dcacbbda3b394aba491950006df3ec3bd748704f0610e12b7aef5bd98c735265b8abde7d1874221c2e8855cf1e5a99466db61c970f32f657b43bd8e725d95bab415d2251d4e0740e90b6c17a2b0e7675f478692e68b2eae332eaa8e969e8290c8fec868b951ccda5124d27dae6e3f86cf75a889e4770f9a2a2bf02a81e0daca05824c840e05117770a326908806880a98daf6771dd165e7dd22c3cd2d693ecbb65f4305f70fcf73b174db6cc5d9e20aaafcbf8cefd4561d4cb66701cd11ea98740d830f822f75817cab4ee5faac55e9a442751a35023c6882122c6e81c1c803b206f140e0503da75411ccd45509b42a370c4c7dd7a773562eed8fcb92c36b0435b94faa775e6d6e34f64fddad52df36af9d787aa92c7ada6cfc355c2d0f5d2cc8ac898d1c97397a2b2ca86bcd24e1f7bb2fff002a44ba64a6e1d76138843550e66383b4f15de1f36f5d35059adb0e5a95a7336517163e4a2c29d5400c77ff00959975acb93c6e8a5bb8ae52f762d39d9a94ece17e6912ee1b87c6585ad1aaac32ab30399c746151b673b06adcd6eaee16f6ce8c6e0b559edd569cd06f605d158b3f5b30171ecad4439deee94e4899947cb6497388559185c41e1c1475455317ddf30a4a420a09832531b972776b4752c245cd96a13490ced2db6e78aaba275e06ad5a344fb4b6ddeb4748fb53400113a4866613be89b3485f2ebb817e0a2a332e4b8511199c06defaaac4a27d4ea0855835b2661aff00574d249c5c38eaab26dae745a86259bd30e9352746fa3f3e273fe23464a68f8be477aa02f462a6e5e1e466e8abe7aa8c42a71433d6d6bb34ee717975f55ecd74cbe0dadd71f9604325ab59293d90e5d25ceaf4ae8d7462aeba16cfa434929ed3cfbbe0aede988db13a7b4d856132c91d20eb5ced58f1cfbd4872b468ff0043bd1aa9c7f19389d60269698da36db42ffe4b37976c35df77bbb8491b1b1b3868a3b377a35d1ea9a999ae2db05d69466d2f4cc2f048a92117decbd50f34cba1c2a85bebfc11ce645549f6caefb333ff006f4faca79bf979222db8801045b782a0cb7d140845f7dc2075879288b103eedb1dc22244435c111247da6969458737d2ea11252f596ed3755df05b52f0f3717551c52fa0fcf841a130fbd7fea2b2ec9281ad75742d3c5e3eab16f0de38f9a1ea80764782f94fd490aa84d902a08640818d3aa07a04280081c0a0749a84146aa346a1cf6360f56572b3d18dc25582c9ae0ec579deef674386ce2aa90717b47c971cf4f7315b5d905636c0af05a1eea39cc41a737715c65eda312ba0cc32db4e6b2ed0ad863712a0ac6cb4ae371ec1f548e565aace9c72c44bb6a5e94e1b2b44733c4153a7ddbcdae7b89dd778eef17c29fe8be2be9a4701d603c5494e8924b510b9a6cf6ebc1625b8acb36a68c541d1d71dcb1a7a2b6d332a30a632f617f14d3ac5f648e869c36f97b637436ac6389d26acba90dcc1258e30dbe402db8e375d1cf4a9d54435b0df6536d68e69cbb68472f1576ce91cd51b5bd5d95d9108bae6b7546914f50cb58292b0cd9ea0b24eb19a11f30b9ba42fd35644f6039bbc23a27151a7055ad19d791c74e48d683aa05b75a4d0fb48cb6dec9b348cd5f90dd1348dd58dbee893084d65af72ab3288d501aaba62475c5cdb34d969cd2c6f764d54665336f755894eccb1c6647f65a01739c7801b92ba561c724e9e05e973a57518fe3d1fd9c9feeaa325900e0e71f5a4f3d82fa58a9d2fcef332cde7f0e52f91d909b31c350b5923b3cb8a752930bc2e998f351524089a6f1b39acc4edb98d3aca4e9857cd87ff0075d3111319b38ee5bc96e21aadf6c6c4b0f9abbaba4635d2553de1a06fba4b531b7d05e8ff00d1cb708c0a9e9432ce6b6ef3f98eead68f4788d3b7c1fa19d64a1ce1d9ef5d631b1377778560f4b4ac195a2e17570996845175b501807647acab2bf5f51f62a1259f8ceecc4dfcc51cd061f4df67835f5ddac879b8eeaaa72a04c9740ad02c81d6f87150005b4443a3395d7416119348442c47b48aab8b419e291bc0856259bc3ce2b22eaaa5ec1c0afa949dc3f2f9abab690ad39afcbf88efd4561d8ea690c7551bc7b2e054b785acea5eab4f2325a78dedd439a0af952fd556770759021081ba8281afd5057768514e63910f40881c3640e06ecf04104edd1161838c53931b973b3bd25c062d196cce0bcb2f7d64ec0710eae70d3b2e95ef1a73bc69bb5ec0407378ea17cecd8fa65ebc17dc39cc461dec35becbcb67d1c7667b687b572172749bacc742d2f072f9ad4395aca7d2ae89c189615231ec07b27fe56f460cdab3c5a68fa5b81c92c5495f53198dc6cc0e73db61dceb8562cfb5f06b6ee8b0cf4cbd26a2c6a9a0c6df1c986bde193d50616cb1b4e99b4394db8e8b75d4bcf9f05a91b8eef5b9f11a8a20d9e2aa6cb0483347334f6483a82b36c7a79b1e6a5fcc24774d0c5111571dde3dae6b9ccebcbd31c48b7d289bd3ec2df707b2eb697e29d44f0ad0741d21c3e576920b95219b609599aa5923098c8208dbc569c7a74ad9ac733b8fc0dd459834b811a9ed715134ab390dbf1d750a8cfa8a9efd15585196b5c19c505496bee54d2ecea3ae2d932dfeececa4b7596ac554db02a3ac0352d06f7db82368cd70e0a867db1fbdf5ee5423aaec2cab285f562dbaac237549bf72ac2563f3345d69ca653b1bb232b4dd5b6f69195ca784b9de1c16a21ced2e03d2df4ea3a7bf4670f7dea646e6af7377630ed1f89e3dcbdd831be3f3391dfa61e7f86747ab31381d4d1c4f9271cb6681b6abdb10f976eec2adc3a3a4a8b55b817b342c0b9d9ceb092a1adaa8854b45b2b72e51c971c7da74ed97e68ea41459e9ea1939db72de4bd2f3c5b4f63f425d076635d276620eb491403ac36db31d974d3d347d374580c31300202e9a49bb47a88582c000ab075f2b34f2456961b4dd5b2eef58ee5462d2a8e77dbb13321fc0a6ecc639bbda2aa2c3cfc114ac76a81c3d6fd910a5bc540e65bc8a011034df541346ebb7c119294423742816b5b9a2bf308b679c63cc0cc49ebe8e0fa5f9ce6c6b22815d9e45f9bf15fe2565d51a83d27a3025660b4fd66a6df25f332fd4fd27137f0e36d30e0561e83940d22e82370215104881809baaa95a6ea21501740e8cf688e6812508336b620e61525d225c1f49e84b1d9c05e5bc3dd8ace63adea2a03af659aba5a1d960d3b6bb0b783eb47a82ba64c7d70f3d6f34b2854d33646f58d37f0ee5f22f8f4faf8f2298a72b869dba961908ca0db5558995a8200f258468458adc38da74e07a49d1e6475f2c6e1abf4cdc72f2f3487dae3e6dd5e41d38e858a7924b34f537b1e6c3c079ae768d3ece2b45e1c6cb8d74df07a2fb15057bdb46d37642eb3c37b9b9812d5de9963ddf3795e9bef5ecfa0dd5d86f4aba3adc798c34e2a6384b18ed0e73180e00773815ac9d33132f3f0faf1eaae54f42f12a89096d486791baf144bea5f2b2f18e8bf4bf0f8ccb4f511cd6d72105a7e2169ce323130ee9b749e3649d6332be07e5922b9be9add6fa1c3265ac4f7869e15e9969a6fc40e71e0e01c42d4d2618af45a3b3a7c33d206175b7c8e1a6e06e3b9659b6268bf16a49981d1c83c134e330cbaaabbbb7164197555c751c382aca84b58ffe05545bc26b04aec8ed4accb756a473399d8f82cbbc1b2541e6a3a4493ed045ec787d55364eb4837bad24c91d33d56664d329b2ac4c9581c4ebe6b4e732bb0334f355cd6e2b70dd117296217ed6e77b23332c7f491d3fa2e87747a49c59f8acecb50c1f9b60f77705e9c38b72f9dcbe47447e5f3c7479d5d3e30eaec4a62e7ceeeb6591c7b4fb9ed2fa131a7c099efb7b0d474e308c33096c384c1f7b23066936056ebe1d267ecf26c584d5189cf3486ee76be6b2e36868e011025f1cbb39a001c171cb1ef0de2b7b4a68ba3f8955cc62861b460fe238d9b65deb6dc384c6a5f5bff67fe823704e8742f9359ea3ef1ef3c8ecbbd61df7a87a54ac6302db1b400b4151a4d471f5f3e6b761bb284b42b2531d3e469b4927659e2556114504704218df6772818fd0fe54501b6239209b2ec5443b8204080e20fc5025acfee2a22465ef65593c85501503e617a6f045f679ef4adb6c43c42f7f1bc3e0fa8c7ccc85e87cf684df8aff00d4565d519507a6f47de1f82d3bbf22f9797ea7e9b8ddf1c2edb92cbb143f9a816e811ca885ed411162295a81e8810266b381412481053a86846a1ccf4828bac89da2e3787a7159e718a42f63dcd76ed5e77b1b3e8f2bc49533d238eecb80bd14f0f2658733d2de9656f453a660cb79706a963bed107105bedb391b7c57933536fa3c4d4f699d3acc3ab28b13c3e0afa0944f455033c520e47811c08e217cebd34f4c4adc7158ede2b2932b0c195c1587296774a70bebe99b5b18ed33d75bb7dde9e165d4f4cb8ce9160d154c2266b01ece570234216ad5dbec71f2ea74f2be91f421d1cce7c1631ee23ee5e69a69f6b1e68b4777a67a3bc20d4742f0c05997a963a2d7f2c8ed6c930f8dc9c9d19261d07f74c1069ed782e32f3fc69952c670564d4eecb7048dcacb78f377788fa56a0aec1a82a6a6963cce92d138f2cdd90ef9af5f1eddf52bcca755370bfd02e89c470ba70201d6398d0fbefa0d93265fb3b60c31158dbd0287a394d04197a96f90165e69b3a5ad0c2e977455d3d14c70f71a4aec87a9999eff000cc36216e97d4b9de9d51f978ac1e933a574723e9aae28e59e2258f0e05a7337437b2fa1f0eb2f99d56f76c50f4f71aacd5d411b5bfa9d75ca6b0bb96fc72f5b934d5c2f957369ad8552f57366dbf895974ac365edcd61bac3bc2bcaccbb28d2225c77f8aa1093754d91c7befdeb4891ad24596d895c8a3f8f347395d8a3b375f34636b51b6e6e068ab32abd23e94e1bd1cc224afaaed1636f1c5ed3cf00bb63a6de5cd9b4f9d31fc7ebf1cc526c6f1b933be43fe1a9efd9637d968f05f4e95d787e7325e6d3b964c95d33e5130ec86dac174d394badc26a29e467df9759accd1807da2b30565254610efb1e7ed3e407d5b2696f1d9b7d1ee85d44863aaaccc21043831bbe9ccf7acfb38efbbd4a2e89c35f3e1cca28c321a89191bd838735e2e264f9e71cbddc8c5d511787d2785d0474341153b000c8d81ad1e017d9879ad2495c49b224217b2e7ab1b9dd65b6bd0c1d5c40591ce64c9bef2a0bbd98f46f8f15433acb8211481b76ea8a7462dd93e4887eda2885405adaa07017440ed822163f591126c8843b20937a77dd15c0f4b9bfe342f771bc3e1fa97961af4be6b425fc57789faacbaa33b20f4ae8b5ff00b869efaf657cbcdf53f49c3fe1434161e8082325c3640ad983877f240a420696a0616a0102128076a1048d39a2050413045864e231dd85665d2b2f3be9450e599cee05796f0f7e39ece7ba37883b0fe9553827b323b21f02b58e58cb0cff00ed143ec7873b1070f558e1f15de91dde7bcfcaf1af431e99713e8e624c86b9eea8c227d2a203ecf2737916ae1c8e2efbbdbc5e5f544527cfb3eb1c16a30ec5f0f8b10a1984d433333c7233883ecdb9af995c3dde9bd9978dd662d0e7ea5ad6346c07aff1532629f67bb8f8b1cf9644dd33afc1aa5b1625fe2e81fa4fa0cec0772db6f6e4579e324d6753e1eaff00e3eb96374ed6498e50b208f344eeb286a9b9e0986a32bb51f25dfc76678d97abff00b4384e90d14d99c18476f62b12fb582d0edfd1d34bfa351c2dd0c4e7b0db876bf815cecf8dea1db2edbafa16c674173c6eb1d0f2464db3eb9a3ab238accc3b51c3f4d700a7c5708a886466625bf31a8f9acef4fa18aded2afe8f62ff00a75f2ddfb37bb4d4ad4f875e4cea5d53691c0f6c93f45ce1e6eb455986c6f889b6eb5a2b91e21e913d1c329ba4726271b475159abbba51bfc57a31dfb699cd1eead86f47b6d02e8e2e8e93096462e02c4ae977a8734765476c658e570706b965db4591ce3a7051103edf354206e9fc1192e5b6fb2d22cc4d37d16d895b819af87d5573995c6b45b755cf6775921ec45abcff005aadd63efd9c6f69fe58dcb85f499d09e996354c450d19a92361d631aef26b885e9af231476786fc0e4da7ab4f14c6f06c6f0eaffb2e234f2d34d18b8826696103c0af5e1bf543e673314d2fde34807559435cd3aaeef2347a3d3d5c989414cced383c582c5923cbea2e807a2fa36b29ea2b89a82f6e72c3ea071eee365a87a74c2e9a60b2e0f8d494201ea89bc4d1a0b1d966634f0de3bbb6f41949f6cc72461b98e95bd6107838e965ca9c78f89d6f4e2cd3d1d2f729b28165ef735591cd02fc5496a12d0d39273bb8ac92d07bc471171e0ab0ad70d16e7baaa8f2eaa3478d05f8a8842fd5038eb65448d1a77a88786734417d34441b8ba01beb2094a322da201bf8127822b81e96bef5d61c02f771bc3e17a8cfccc65e97ce5f9bf15fe2565d51941e8dd0e933e010fe5b82be667fa9fa2e04ef14354ae6f51103484114915cdc685023667b347edcd04e0b5c2e1031c1026e81a4590220581deb31024a1067d5b2e1496e1c87492843a371e2b8de1eac7679874923969e56d4c5ebc2e0ed3b97189d3d168dc1be9feb1989fa24fb7b2f98865cf8e857b28f0dfc3e4e872c4c63b788fd57a21e67d53fd8e31f92a7a39d21a4a9738c147341242f37ca048c7073470bf6415e1cd58abea61cb6c90ef31ec4e9e6ac25970c69bfeab2f8d9b93dfb3f41c7c5315723d247baa5a6e2c4af2da76fabc7f95b9e8e2aff00bc3a29361b53db761d298d97ff00b6fed33e1a85e8c53baebecf93ea55f879faa3f999d8ef471f1eb03b301ec9527b3d9c7e644f96f7a2ea37418655b25696b8d413afe90ad1e2f55beef1afb3a0ae60d94b3c78e58b5ad1c57297ae8c3c423686b97197ae8c5e813db4d8ad4511f57ac2e60fcafd55a4bbf32375dbbba9a689a36b92b730f994b4b26a582e7800b2f5565838ee1705752c90c83335df23c08f0523b3b47d9c3b70e34b2ba1906ad2bd1d5b7198d24b65f04d90507451d211b9a2fa7051d36692765046f6f7aa6c00ab33295a00df5ee5a6265662605a73994ed90705a62656a8e9a7aabf57ea82333966f7e9fd57163ebfd1bf87612c85998efc4eeb8f7b797b7b57b42e5241d7d4f6403d58d7cd76a63db37bea1caff688a4a13e89eb25a98627cf14b4eda19328cec91cfd72bb7d5b7b85efe3c74d9f13d4622d4fcbe60c2b0caaafb46db35ad3ebafa2fcdc43ace8ce094d4b88c53b41b6d2ca79f7296aed74faa7d176354f5d820a569bcf4bd924ee5bcd6a856fb627a6076173e1c6583efb11a6dd835bb7bd32439e6986e7f65cc36a3ff4dd7e2f504e7aca8b349f76316d3cd5c5e0c5e1eb53eaf5d5a40c8fad974f542ccb4d38630028ca2af7db2339ebf054437ba29e40ead044f91d9872514e6b3b434d10588a2246a8ced28cadd0221873140a1025b4b22106e827684641dd0465d68254579e748652ec49ebe8e08f95f9de74fcece365d9e35e9bf15fe2565d51a83b7f47b54d7d14d4f7d58ecc078af0f2a3bbedfa5dfe598748775e77d1036408811035cd0504443e2376fabc420959235e3bd026c502ee818e6a0632ed98723a2092508295437428d430b1583331d758976acbce7a4f868bbf4bb579ed0f5d67b3cefa6988bdfe8e318c0a424ba3b4900e245d76c5679733e78a4c367aa922869a3fbcf777d57b1e47d67fd9ef088b0ef45ff668da3ae92ba6754ccdd339cac03c43782f91ea13f33ee7a746abb7615386b1decaf916abeb572b9ac730d7460f2e0b93dd872eccf460d7475d8bb6e407085d6f3705db1b97aaf78aff00574989303b50b732f99458e8d4cd8fad6edae895932c342aa568b8dcf1276ff94b2521cf628f7b43891a70d179ad2f7628548dac9691ce7f2e2ab73da5c9caf347d228266f643eec77ecb93e86bab1bd059545d4e2e33485a0e51c3f515de1f1fa3ba9d45348f692ec80f75ca930ed5b3365a7cdfbacbaf5397e93614fbf5ed6dcb77f0fe4b5596a7bb9deb3b5deba3270d428a8cb89f0e28d6cd27378a2ecdcaebf209a4d9e01bad4333648d0e23959698993a7a9a7a683ad9e46c718f69da2dc43864c9106e16faac5e6b52b5d1d0fb550458bff004725dba7a2bb9796b9272de2b1eef46c1f0b8a1a76c4d680d0345e188df797d7b4c56351e216eaa0ead874e0bb44698adb6c68314753d4bec2e5edff00c574c73a6b2c7670be9ef176e23d1dc270a0e2d654549a99c71cb13723079b9c57b291baedf233da23256b3eef30869e2a58c4ad6fa97b36dc3c97b30dbaaaf93cdc1f0afaf659c3e6648f0d60b35dd90f233117df65e98785d5746ba6f250d6fd9a96a2d18fbaaa907161e4b9dbe5979af3dde86c6191999c3ee6765eeaa6decfe8cf068f08e8651d346dcb705e477bcdd6e1e988ecd99dc7ccab2b0b3490646ac92b6d1a2232ea672faf78f659668fdd5583dae0ddd14deb4e7df450398c739f61aa2af43006efaa3132972b8a215b0940754883a91740a63081323510fb68811cd0829564a1b4f22acccbce31197acad91dbea57d3c71d9f98e45b779575b715e9bf11fe2565d60c456e74271114b8c358ef526194ae1c8aeeaf6fa7e5e9c9fabd0641c57cf7e824cbea8810214088028227c7676669b3903daece3f30dd02a0440d7b74ba07bf56dd0549822b32be1bb0accba44b93c6f0eeb1a7458b43bd2cf2ae967471b357c905add646fca4ed7b2cd23b996370f363d0f77467a2f063f230fdaaada5d0bf4b3c0711a2f445fbea5e0f0f66fecfb5ceacf45f493c9da9a4aaabce3f3759fc2cbe4fa87f11f7f85fc37a0fd90065c9d782f169dfe230b1aa4616ecb95eaf660bb9fe8c39987f49e480fab5d1e461e19da7301e7aacd3cbd5cc8ebc5bfb3a6aa89b98df6e0bae9f36156965ea677e9b8d1636ebd2bb2b9e4b003c2fddaf3565210e211199966b7eec7f98ee3e0166dddac76d28be3ece46e8dee58758972fd31c3dcda5fb5b076a07093c9a7558bc3ddc5bfb7ddd0747e59713a28e788f570b879b87f05b879336a93a6ac94cf0de01a3968b5a79e2ca93c62fb6ab32eb12ceada564b116dae90e95979ee3785ba8aaf6b44ff0057bbb96e1d6ca1d658ad304bf7f8aa9b191cedb8f0574751ed8dc91549b091f4b4cc3254482367371b2dc51cad9621cf633e906929d85987b3ac7f091fea8f2e2b7a79af9e67c24e87f4471ae95d5b712c5dcefb0b4dd919d9de0392f4e3c6f0e4c8f5aa5c2a0a5ea69e36e56b05ec3e002e3ccb78abe87a5d3cdffa376216b720bc90f7d9156bc98c82ebdd6ba998737551e497c0e8b312eb6ef0f29f497573cdd2c9f31ec411c71c4cb69eae6dfc5d75f7b8d1f243f27cfb4fc5973d13c1a7cce77680fbcb1b058a7fa77d7b4bd99ad19f8fd5fcd465cb3cd91f137b2c6ea1da85ed87c0bd90e1356e8eb1b7d1aeecc8785966f5dc38cbe86f470c931cc33eca5d67d2b3d6e63d95c273c55bc38a6efa130ba714f84d3423d889a3e017aa1de4b1c7d64e49d9a8abcd0a327b9d9585c760831284ba46baa5fb3dc5cdf055b4d23b36ca0753c0e7950969430358156265380110a815402212ea842422133b79a06baa621c6e7904113e691fb7642a8cac56673699f9bbd5af972c93a870123af213ccafab0fcbdbc9a88bd37e2bfc4a8ea62058dee648d734d8837baccac4e9e9f806291e25863251f88d19641de17ccc94e997e9b8d9be2536b4ed0ac3b00502940d40140d40c78d7337740e6481e3bf8840e4088140ec7820af284553a865c23512c3af82e4e8a3712e56b30da0fef28df541a6217bdf6b5b8ae6eb33d9e6b8a3e2e94f45a9685ec8e0a3a5fb4474993537121b10bbf46de59eee8ffb3bd04d87f45710c3a71ad357b9f1fe99a369fab57cae6d7e67d2e14fc9a7a44c74d765e37b21995b1b1cd3c4700b167a292e2ba414ef8a4654c1a4b0383da7bda6ebcf3e5f5b04ee353eeea23aa82bf0f8ab21da560778731e4745ddf2fa6696e9967cf9810ef2bae72ef568d318fec8d121bbaff1eef053d9cede52ce33e568df8ab2c42a3e02c36d973748b33b18a61253b9846842ba76c56d4b2bd1ccf2b0cf87bce94d2168fd3bb7e4b157a39d1fcdf77713460b2c0f67885da5f2ab2cfaa840db70b130f4565425665db651d18fd20c221aba57b4fac45da7915a6e9679d49148c95d1b859ed3670f05d220992b2171f0badc4313757abc5b09a11fe267ed8ff299abbe4b7d2e36ccc0c47a7554e716d0c6218f83ddda7ff055c6724cb9caeafacaa797cf23a471e2ed5573d3acf475e8c25c6e56e2388372d0335630eef3fc176c78f6e197269ee386e0d4f4d032289a18c60b3405edad1e39b0a78a496b26764bb736569fd3a68be3722dd5925fa3e344530d5a51c361ab57359b33b10732e5bb10b3b6aac4ab84385dda782d42ccbc47a79883bff5ae281fac1096c56fcd1b005fa0e2c6b1c3f2bcebef2ccb9382aa7aaae693f864e50ddaca723c6feccf02fbc9d33e2c3106f567aa6dfac278f2e6bbe2bf5576f2f270ce3bcd65a78560b13199a7ecbcdb283cd62f9bda0ae1fbbb7e8274f2a68b16a7a5a422e6464331e058e75aeb87eedf36e599cdd33f2bec6cf9691bdcd007c17b9b494eceae317df8a8256b910caced40633ede9e4a8a4eecb446c160d160a367d353173beaa12d00d644db7155839af1cd10feb58d1a9453055c44d99daf0443bae7f203c5046e9a4e2e0888cca49e2550a197deff001443bab8c7040c711c14080e888a18c3e36e1f367d8b4add3cb8e7fa25e797d57d47e5c882f4bf8aff00d4547431142835fa2b8ebf0dc49b98934f2f65edfdd71cd8faa1eae1f23e1dff0012f48780f6e61c765f39fa343b1d503d035005035021411b86b99beb2a1d1cc24ee237081e815aa08a4082acc115955d134dd1b870bd3f81dfdc95392e1d91db6fb2ce9b9f0f0ce88749bec943161b5511cd9e41148e76bab975a5f7d9e6ad9ec5e8baa62151885306e5718e297c7717f9af17a8d7b44be970a7cc3b39cfdde6e0be53e8479674f3070b0df81d9739977ac32314a47490bb4be8b95a1ebc57d4b1ba29883a9a7a9c2a536b1325383dfeb01f55ac53ecebcca78bb42ae53637e0ae9e7ab7b0d899253b481eb0be648879f24e933a36836f67e6a4b3b51ad36370403f55c6ced4539436461056aadf872d8638e1dd3573366d54771fa99fc967c4bdf93e7c3fa3d1180b999872d4aecf8ea3564ac4bb5142668e6a3ac20972bd9675acb48f34f49352cc11f1d5b21320a9bb336c03da34baeb8d33ccf979e56f49313ab363275719f619a2edb7937b67385cf7aca98633e0a2e9d17a3ce85c9d22c6435cdff05010ea87f0b725db15372e596fd30f7ca4c3e9e089b0c0c0c8a3166b4725f42b57ccbd8fa89648d9919eb3bb2df3e2b9f2b2f453f2f570b0fc4bfe216a969431adb2f8d5abee5acb1db02d6d782ae72c1c7a29c91341eb71078f72c4c3b62b4789650a96cecece8fd9cd3c0f7ab0b787807a4a2fff00f103167b7d4eb7c068d00afd071be987e3b9b3feacb06940156d22faeabd130f2d6d313b86ebb0e8de23ad9f46b771cb92f9d8f2eaf38e1fa2e5f1be2608e47f4527cee99fd5ed18dbbd7d3a534fcedefb5de8e37a9e9161d2306a6a63cd6e3db0b73dd9887dec0673033934123c965e94b21b28c962250435129bdf80d1160c8612e37e68a9eb2ba8f0da5334ee0c0389467cb2e9b18abaf767a58498f83dfd91fc51ae9d2fc74d893c76a56c7dcd173f1288963c323bde673a53f98e9f044da77ba189b6d1ad1c1115fed0f90da269fd4503db0717924a0983472401288612888cdec8889d300a8c3e95565a84b4715db046ecf073efaa38e5f41f9f08abd37e2bbc4a8e86a04413516b590fea0b36f0de3faa1eaf09b44d69e4be4bf571e0b232e104409d8a072042810a04ba08cdd5113c3af9d9a3c6c8a961984839387ac11128dd023f7415a608aceab628d395e93d01a8c3ea5a372c36496df20547dae2aaad81ec22a62ac902cc77d4c3c968d4bde7d02e2b1cb4953fde7d9c466686d238fb4d6ee3c573e57cd4d7bc3d3c2cbac9a7a449202dd7fd23bd7c37e834c6ab933bc96768b4f69dc02e367aab1a3a9fef9ae6bb51bb9dcbb958ee96ece43a67d1afb7c6f742e7452b7b514ccd1cd70e22ca44f4cee1ebaeaf4e9979fb3d2e637d1eabfeeae93c3d7b9a7b350342f6ec083c57d18c35bc6eaf957cd6c57e9bf9ff003fa3dabd1ee39438ce08daaa571315cb0b4ee0b7815e3b5753a74cddfbba07340b923cd665ca1995516f7f82e330f45659f236cefd94875725d2fcf4d5d4588b7ffa799b9bf4bb42ad9efe2f7acd5e9786da5a26bc6b76ae90f8993b595aba1b039966ced8e58b24e2f977b2c753d3d2ad24c03bb22de2b5b3a58bd30e8ec38e6075144eb677b6f13fdd906ad3f15aace975b8d3e797b66a5a97d34edc9342e2c9187811a15ea786634799aea2ace1787d5e2788c3434a0be699c1a078ab5aee52d3a87d17d19e8a51f47b078b0fa71f7bbcf2f173d7d0a534f979326db2c6650bd10f3caa1675b8865ddb1efe257cbe75f76e9fb3edfa753a71f57ddaf0c672582f3c3d3690e89dbf1534ced935e43b8efbf305665d2ac0afa48dcfcedecced1a11ed77159ac776ad7d43c43a7f874d5989fdbcb72bab0924779d382fd062d55f8dcb337bccfdd8184e1ac82a1ce9dfac1a661b0bf10b57b75786ab4d77948317eb247b1c4981d7e1b2e77e36a375f30f6f139de697fa2559d192fd3b21bac7a6e17a3065ea8fcbcbcbe37c29ff00b67c35300c3ea862745504e40678c8046fda1f22bd1d2f356afbc70eed42243ee347c97277b11ee2e9728444b23bab8fbce81110b62bea7646924f55051523ea66d1ac1fd04473f4585d6e355a310c4efd4b4ff87a7e0077a3a6f4eaa1a68e26868161c82391ce91ad4442e9257faba0452369997bbfb47bd04c32a215034a21ba2a8690a0648e0d6a0a52c82c5199737d2878313013c57af8de5f2bd4a7b439e5ec7c7082f4df8aefd4546cc4522227c2d99f1181bf9c7d562fe1d30c6ef0f57b59a17ca7eace69d1036465fc50442e0d8a072069ba0694097081a555412b4877591e920e1cd04f0ccd919986fc42225bdc5d043220a7332e0aba5646294cc34af006e08574bb7cdfd11e850e90f4afa414ef23aea4abeb1c0e9987babe6f2334e0d7fd2d571fc5dffd4dfa8a1feecadcbdb8a4a720c63911b2e95b45a3b3cb6acd27f47a161f5e712c3e3958729986bf97def9af939aba9d3f57832c5eb1736a1a3f022d2da787795c27ecf4567de56a28e38a3113396dfbadf87399df74153031fa5bd659986e96d3cc3d29f402931ca174247575119cf4d3fbaeefee3c574c19a715bf0f466e3d7938f53e63c4b47fb3b4b5548dc4b05ac3f7f1164b9795fb27e817ab9548ed6af897c9c792f31317faab2f57a86ef65e4986eacf9e4d398e4b9cbbd619f30edebf05876863748f069f12a1929e11f7b268d3c3c4a967a78f96293b9759800ada5c2e1a79f2be463034b871b0b2eb5ecf9f9fa6d6dc2ccedeb058bade4a4b113a73d89d1cb1b8bd972396cb8e9eec578965bb7dd6a1d653440764117becb50e52e13d257a2b6e3064c4f0b01b8a01da8f66cb6e7dfdebad6fa62d116fd5e473f47ba414f5eda19e8678eade6cc8cb0ebe0762bbd7bf879adf2f97b9fa28f464de8ed28c4f1319f17987659c2269fdd7bb162d3e767cdd4eec44ebddcbd310f1cc9950f64313a477aac172b536d46cad66d3a8f76761733e4949e2f37779afcf5add56dbf53f0e29488fb3a1807c574879ac2a1fa1cc9b661875c46ab9cbbc39cc6ea0d3d055540d1d0c4e76bb5f60b787ea73e4db549723d29c0699bd106ced766abd0f915eea5a6f6dfb43f3b92231d7fee78f4b59541cf86a3b25aef90e4bead6b10f05afb5706591e0457b1f67985d2121daf46f04a77d21350dcf3b7b5138ec3c978f2c7c2bf57b4bf55c0c55e5f1e71cfd75f07d63a28eb69a42d37754451b483ea92e1c17d2eaedd9f9ebe39acea7cbed4c2fb183c04ee6307e4bceb6368bb4e2f3b221efedcdf95bb209401f050664b0498b62194e987d2bbca47ff255af0db8d8d634068b0460d7ca760823009d4a07f0406bcd00885d503492aa0502ec88a93bee6c1114e7713a04473fd2a80f5713f82f5f165f2bd4ebda25cf85ec7c722a2f4bf8affd4565b3100827c2cffd4e9fff00dc6fd562fe1d30fd70f59b7642f92fd6136550e40c7b2e822b59025d02140c2aa984a04364113dae6c9d6c7bfb6de610588266bf6d8ec8859dd963738fb209f822c4386e90cf5f54efbc932c07fcb69b68be47226d6f33d9f7f898e94f11ddc7cf886298748e968ea1cd03d68ceac3dc5abc38f35f1cfcb2faf3c6c59a357871d83d53e97a6b8957d1b3ecff00698db39b1d33b4da40bebe3cb5cf8fbff57e47d4b857e265ede27c4bafaafee3e91d07da0bfaaa96825dadae5bc17cfe9bf1e7b77a35d54e457bf6b39cf479d23ad663f51835433aa64a0be919decdc798d575e46af5eaab5e979a6b79c56f13e1e81d5b18eeceb7d5c7995e17dd992bbeec1246bdfb9526523b91c43b7d8ec9b565e3542ca985c38f35261e8c37d39ee80533a97a7a6fa3a6a67b5ddf948216e979d69d39d8ebd3d71e5ea13b34ccb72f8f5966554600242e52f4d259f2338ae6ee969046241aab0c59acd744469a720ba3cc75da481c1511e231c1d5e5cb7247156d5831ccedc856c2639728b586dc5707d4a4ee0d8dfd9fcc15862d0b30b88d1daf7ad439487c2cce1e0657b7d5781a8f05aaccc7784f31a9eeb305754b5df7cdeb5bef0d1dfc17bb1f3663ea7872f0ab3f4f6366e90c2d796b2075f9c8433f8aeb6e7d63c43957d2ed3e6619789563ea1a448eec1f5636fabfff00a5e2cfc9b64edecfa7c4e257177f7fbaee0544e63866d2fbf35c690ed9aee8f306b0585fbd75dbc2a352eb389b9d5625d61895f212edb45ce5d621c47a4cc43ecbd139da08cf5523616dcffa8ffe2bd3c7a6e5f3fd532f463637436bbfbd7067475a73b1adeaddcc77afad8eb1ad3f3537eaf2e3fa59d049e3c4fab89a5cf776992f0c8bbd3b7671f756a7c3a2a26658c69b3ee37baf5d61e98868c32cd4f246d639acb0bb58e36047d14c948b46a5e8e3722d86f16afb2ad6d551d7749708a38487996aa3ebe261ed7ac2c7c9783075639e99f0fb5ea96c5c8ad72d3ebf787db92b453e12c60f62368f92f53e0cf9253fdd518bef6b9502c370dba0932170b7b3c541346d646c0d68cad1c02a86492df408119a71453b3221d987340a80b044042212c38207062a20a89728b0dca88ac6f624a2216445ef5067f4aa941c36fee95df8f3ab3c5cfaef1b8ce2be8bf3c2ea8b937e2bff0051faacb4620115250bcb6ba1237ce3eab36f0d639f9a1ebadd583c17c87eb41540815046f68410bda478206e60a88dce4533540dcc8143d04550e30fdf33d5f682a2d6764d4c48d9ed3f453491e5e7d8bbdefbdb6dbe0be0e5bedfa7c0e5b186da225beb5b52bcd2fa7867bb1fa0bd1f18c74aaa681e7267a591f183c5cc2dd17b3d363e69fd1e2fda4a45b057ff00b390f489593e1b8c3b0c82f4ef81df785ba027c57d1bc7b3f0979d493a398dbeaabe96a1e43311a1707c536d980f64f8af9d931fc2ef1f4cf987b3067ea98dfd51e1ecd4d5314f1326668c95a1cde601e0bc73e5faa89dc6ce7dc9d2d75995832cdcd6f8290a1f09dad75b3a95f05c21ace90b2ac0d1ad7027f52563bb59f2ef1e9d44b63a59759782aa951197b2cd0b9cc3b5674c6ad610728df9ae52f5515a325aedfcd65b968475a6ddae2ba6dc26890568216ba93a152aab24d8eae5265d2b464cff008849bf6b52b0f4c10682eab1295a4155ca52128c1cdd6cb484aaa68676d9edba354b4c29c3873223a9b8e1dca3b4e4db768299823078f35b879ef74e5c38efc0a6d967d74a5be6b332e95644f2e6240bacba443ccbd30d5667e1d86f12d92a08f3c83e857bf8b1a7c2f589deaaa9e8b8b9f56fc35a017d491d5b7bd7d2a3e1d7bf67b333a0148ec3a482b2ceac91b6639becdb6b15dde98c3d9e3bd37e8fd4e018839d5118cb183d6b5dea58ece5d71dbd988fb3ce31ce91616e8dd1d38266dbad07b00772eea4f4351cd5be95305633568aa666bea4eb75c32576eb8724d7fabefcc4ae60eaf9901610c95da06f34123066fd2a2a6b8684444f92e6c153456d902a0503bd02d910eb040a884b1e4aa1e1a540d924ca0aa8a8417768f92888a6dac8278210d65d06574b5f970a7f7aed823e678f9d3ac72e117d27e7022aecbf8aff00d4565a310081d484fdaa23f987d549f0d53cbd7a2d6161ee0be43f5d1e0a8040a81ae40c4104910dc2a217045239031031eeb6a8a4128d8fc1510b9e61a3aa8c6dd5b9d1fc16327d13fa358e3e78fd5c7cd67b6df05f9e97e8ebd9998861a1cced0d4acda1e8c795818699b04c71989c43b718730fe978b1f35d38b9fe15f7ecebcec33c8c3d113dfcc24e99f47b04c770e74ef0d754b88305437575edadd7dd9d5a370fc165c33599adbb4c3cbd9d1eaec3abfab983982f984b6ec90dfdd78f3dfa618c786665e9fd07e93c58ac668dd66d444dccc1cc6c57c9fdde691f87e9383cd8bfcbef0ea413c77e2b2fa0696b41ba82666470d56b6c4ae5142d6cae701b0d16eae5795976a6eab3084bd99b2ac6dbd337148999b3fc566cef8a5972e46f69a76e0b0f441ad9da6300e9aa131dc0a8bb4fc93668d7b891dea8af2bb43dca3656916e68c4908e3c956769e33a2ae727e96fe0aa00ed1407e23ac476556a16a0a8c8d2db684d80e4ac59998da474c0b48e0aa6942a9c4b6de77fe4a370ce737cfbd61d1e41e95d95153d3ba66c5b414d1b5dfea25dafc57d6e347c8fccfa9db799a7d1ea18f0a94544199b5a1c1ec94705eac73b7826bd32f60e8e7a42c26bf0f74b56f6d3d4d3b7efb377710bd74eeed5c9b797fa5dc4ddd32a590d0c7f714b70e23791bccaeb6a6bbb17eef9f317c3ea69aa5d0977641b8e56562768eeff00b31503aafd2ce18e24911c85fa6dd80b32dd5f715549db03bd61a405cf7d435a361a959955c6d9a11113e6b9b0452b6e8a92d7443835543c0441640221c81c100e7e51aa22a92647f723224e48226333cbaf041700d115cb74eaa0369a38b8b9d75eae34777cbf54b7cba71e17b9f0c22aecdf8aff0012b2a6228408d765783c8a11e5eb9873f3e1f03b9b07d17c7b797ebb14eeb0b08d040206b903503484113e2ba0af234b7755515d14d77820824615551c8fbc6e67711f152d1b8d113a9db93607672d70ed3496fc17e73c4bf49bec1c5877f04d8ceada38e426e375ced0f463be992da2aca495ec033533f5238b4f30bd3c5e4ce3ed3e1e6f51e1d7935dc76bc7f72f4aa3c2a6c17ecccc93191beb0dc77db70bb56b39efd5ed0f899e9f029d331de5e6f0b314e8d62b4d59138bd90c80b1def37da69f10bd7931f6d3e3e1cb38b2459ed903a1aba686b2021d0ced6c919fcae170be35aba7ecab78982c8ce5c564893221f01b22caec1300d5a8972984b9b8a22954cb6d97376ac28d44cf2d20faaa3b4559d28363720f31b28ed085ef063395da8454504aecdcfbd4826169d25c016b5f82d6dcf486536e1e48b06097c8f245938bee75473982c6e765b2a927b1c6e2e889c5b44439bb2a6ce36d071408e7bafe28a86476baa0a350fb3ae3e08e9ece27a7fd1aa9656b3148db9e3a96b449a7aa40b05f770d35487e579ddf24c9f1e16f970386a22d5f1f665b6f61c4af363cdd396696f7f05f0f5638b47b7979e74c7a5108a8fb2d1cb6c9ebbc699cf2f25f4e3b3c50ea706aba9342e9e095aea4961602d75b3f785ec89dc3b44b8de97f45db5cc96aa8e2bb03097b40be52b95eb31e199875ff00d943a292d2f4aa3afa869ce2273da7800e537d9d28fa86b27b54375596d3444dafc4aca2473c9d0229f1b0209744439b978a21d61c1541aa05f1542d9443b820473f2a22039a43f9510fcb9422227937412d33006dcee5554bc141e7fd33ab13629941d2316f35f438d5d55f9ff52beefafb3117a1e0082e4a7ef5de25654cba01026ee03bd07ade0fff00e954ff00a02f917fa9fadc1f442d28e81025d030940880ba069411bda08d5057921b6a155562483add1a465daa08651a12b439dc49b9662fdafa3bc79f9af91cfc5ab757ddf5b859375e9fb2848e1bb7573b4685f3df461039e03ece3ff2a37a4e60bb74d9573ea6657613048d2eb768a91baf78ecedb8b474da370e6ebf09a7fb2cb4952088e4f5646ea5aee06cbdb8f9fed77cce57a0d2f1bc5dbf0ea7d1f46f830518738e7651f6637f361d415c734d66ddbc260c5931e38ade3530df9996e0b84bb429cccb769be2b12eb5267007650d1c6675b7548843349704dec565b867bdddad75bacbbaad48dac3c4a35595775efc2dc8a29d6b0d05b99558d97ad4114998bad745372656ea86c0722246936ba3050f0ac22489e4a24a61265efe6ab204a080422e8ae92d6077e68a8663bfd155855c999df5ee5695dc97b6a1b78cb708185be39c811f57eb1e765fa78a767e62d3bdbc0eb3a7f3524f55454a7aa82525b2c87ddeef15e2cdc68bfeb0e5873cd27f12e2713a063cb266eb4e76216f165f69f265c7ef1e1b180e31342f65296ddb3680fbbde57b31df4e3597aebe6e8a7467a21512cb2475189d642638dc37fbc16dbcd75dccfe8efda1b1e81f098e96b677324eb638e20d61e5dcb9cc68ad74f48c4aa40ac632fda2b32dc34e27d98b28b110bea82c35cd0a87e762322e095428ba21d640a0207d8a06be4b2328f2b9c6e76550e40c71510c630bdf641683728b22a2ad9bab84dbd63b2a92f32c5737f784b9b72e5f531fd2fcb727f892aab6e41545c94fdebff515968cba80409717dd11eb38093fdcf4c4fb817c9c9f53f5bc7fe1c2eacba90a0612804085034e8812e81b7408eb590412c41eaaa9cd1969ee46b681da9b2a32f1aa4b33acf61da487e87c9672e28bd752de1cb34b6dcb554aea691e243a3468787885f9acb49a4ea5fa7c33192370a9d7e79d80e9ed9f2d973dbbf4f66952d582355d625e5bd124d90b7c7822554e7a363f7009599876ae458c0693ecf58f79ff0031b6b7d15ab9722fb86bd43810acbcb58529a468bb4ac3b4433a6aa0c7e506fcd4778a6d2b6604663c5463463cdfbc15155a617b9f24748944eb16ebba0ad66bdc41f3468af6e838f33c11823801fc5254d0c2755146c6c7401032dadc7aa81e7872464c70c8efd950ad7d8dbe484c2463dde4782ac1dd66c0207e720222199e32fd556a183d38c7a2c1ba255f89bce4eaa3c919fcf26802f5f0f1f5dde5e6dfa692f28c2bd26e2dd25a66524ef2e11386568f70713ccafd1d67d9f9bacb2ba4d4ada3ac781774721cd13f86bb8b2e17ae9ced1dd5fa3b13eaa6fb14ac2e6541cacfd45793915d7cd1e61df05bbf4cf8969d7329fa3351244ecb3625b5b8345975c396325770c65c5349d31a2e914cfaca3a69fef623287c926f6b6b65eaadd8acbe9cf41f08182d4d70da67d99e015b3d10d2c7b180de90d3d38377bc8b7c546a1d9d244f201e0b28bed8544482154d9cd8daaa240d6a21c110a80cd64434b893a2003071d5542d82218ed38a08dc792889e08fb37e28a7cae644c2e715518d3d599dee76cc03455cf6e1313766af94f7afa78fc3f35c89dde55aeb6e2105b9bf15ff00a8a8a6228510dbeaa8f5bc05c0e0d4a46dd585f2327d52fd771ff870bab2e86a043ba0440881ae40c28109543732009411c8d0422a954416ed3115cef4971fa5a0a47fdab469d2c56e0797d374d054d54d4955193087111bce976f715cb91c5ae68d4f97a38dcdb61b76f0e869faa9a112c4eced77b4385b82fce66c16c73a97e931722b923755a646e633bb895c96652f5a6e2fc1699d24648c246bde8c4adc65acaa69be85ab5eee53e124b3b786aa6d22aab2ea6eb0eb0a1336cf24ed7d4a8eb128fac03c152603a6ed69a5944d23749608a85d23efa146b45362f44003b3d8ecab32496df0516066ec8b6a551196e97361e2b2d0936d382bb209eb1510d7dfcd508d0078224906717ca743c540ecfc3da550e3a782d324b8b22bc77fb4ef48becf876138133fcf73aae71f959d88c7c495f63d329e6cf8dea593d9e47d04c50d263d08ff002e475adc355f53ddf29ec755817f7d18f0f10f593bff0009c3d95d262261a98db3ebe9297a190490cef2ec519ea5b5f35e59ab8cc6a5cad155d3e2825388bcba79097f5c74f25e4c949af7abd38f2757cb657c2f099eafa651d1d3b35366b07ea2bd58add50e56a74cbebde8f52c1d1fe8b5261dfe6b183391c5c775e87686c60981519a8fef19981f527d473bd91dcb9ccaba3601e48ca56a21da7140664417d550b9d10b98f0442869281db2042e0aa184a0411b9dc2ea2268e906eff82059ea2281aa9b61d7573e792d7ec0e08e332a55951d4513deba638dcb8e6bf4d76e31efcf239c7726ebe9bf3933b922210aa2dca7ef5fe256431145d034903741eb3d1ccbfdc74b6db205f232fd4fd6717f870bc565d8881102204ba0692818e2818a863f7452670802e082371ba0c6e90f4768316a530d433bdaee20f345794e3143847466bc536370b8473171662245e237e0ee454879e71f4970c9a8e9eafacc2aa4494eeb1969dc6f1bc702c7f03c970e5ead5f99e9e1f2a69674bd6c33c5d6c07b3c79b7b8f7af857ae9fa4c5922f1b855903c3b5d9717a0e81f676be2aa5a165b57da1cecaed8e80d9cbbd65934573fbd1104dadd1a8570ded6a90d4a39dce2eb8d16a4aa0ce2ddae2b0d15a1c5ca895811991637db45592e471d117640ddf877f3b28091a083c7928b08dcdecebba2a3cb668e4811c2eeb5f7411b4f7aa925bdcdfe6a040e16fdd524176bfd5d564a3578e20f05619997cb9e9cf1c9314f49189071fbaa277d9211c9b0e9ff0095cafd2f129d38e1f9be5df791cc60986d5d55535f0f62361cdd6f2b2eef3be81e89f4cb03c3fa2ef68717e3e59960949d75fd95af758b38ae9757b715944ce9bacab8c657bceb98f14bc6d25cd61fd19c6abaab24e7ecf4ed19b31d01017098d39cbbcf458fa6a3c71efa9ed3c4ec6349f5b41a2e75c7f344c3b53276d4bd9f11e9233edb4f193a1780bd72d44bd2b0773a48472d1726e5b0d8b4d5193ed655096d75407561542f560221435b7ba0768110170e6812faa0708c94448ca71c504bd96a22b54d6358d44644f3492bb5445477acab94a87481d970eb735e8c1f53c7cd9f91caafa0f8211420b331fbe7789590cba28ba0753c4e9aa23886a5ce0149f0b58dce9ebf87c220a18a2db2342f8f69eefd7e3aeaba4c51a3502200a0614086c81a4840c37411bc1f255513b440c24a29337c550b9d072de933a34cc6ba2b531065ea221d6427f33782cda16236f969d8d56d0e276a69cd3f07c07d5cc0fbabcb393eee3930fd9d461fe90ba514199f10a72c16739afbda41ee9b7d578f34d3ab53eef5717ae9de1e83d12e99605d2aa7bd1c9d5d7443fc5503cfde30f31ef37bc79af1e5c135fd1f778fcbae48fcb65d0d813beab83d6ad2660ed0ea028dc1d0cfa3438ddc6d7484b42dbe50ed02ae28dfeaeea2c21240f3468c7f685fe0ab2883413a9f045d9f96da040f6b4375b79226cae36d7e6aa41b99c75f8a8d00e8da2dc500e360a22237feb5468d7df6dd4111befbf7a2985a41b8540edb7db7510ccf642485f6d38ad43128eaf11fb261f555a413f668649b28dcf56d2eb7c976c55dd9c72ceaaf935d87fdb6b9f578a5401512c8e9650e3ab8b8e6372bf438fe59e97c5cb117af54793f14e94c31b8d250b1ad60d9ede2bd132f132e8b1eaa86a4bb391c6eb9cca4c3d0bd1c1c231aaf1362d21828e11d860ddeee6574a5b66deb870fe8962342da69ea1acc8dcb0966964b5767679be1f554d86639344d95b2d3b2adc192e99c91cd72e9d4b30f6ee89fa31c53a42ea7c471295d4f41a3d918d24772f00b532ed587b35250434d0b628f46b4582cb529c3510e0101af24417b2005ecaa1402817aa71e081eda63c511232160443d0217222ad4545b45514dcc73cddca064b1068d1519ef1db28e4c8e93bc0a66b57ab8de5f3bd427e5736bdcf8a1408a8b129fbd7789514d5145d11b7d09a2fb5634c245db1f68ae1c8b6aaf77a7e3eac8f4edb45f35fa534a0440a102140c3640d40d281b75447214540f05155defb688a6e70813ac4431f302cca76e48b0f963fb40f43ffba7a5271182eca3ad398386cd9388f35c6d0b6aedc361d533cc035d2dd97d4f72f3de9b8669da55714e93bf07c7209f067b995309b99a324381ee2130d775eeeb79e9b6eaf6bf46be9a70fe90b62a1c60b69b113a36a0f65923b93b834fc979391c3d77abea71b9d16ed6f2efea602c3da1a8dd7ce7d48955ca2f70750401e5aa2a763efdaf155ce49ab9b63cf65035ede1c143661d5da7aaa80461dfa55d26c65b8dfcd452025d604f9aa1c787249480ed0dd4583038ff00251ad076422e7c90836fc8fc1023cb49ef5110ca6c6d7b235069b5af7d150d73486ec5411b9a370888dce68ed1d16a1ce5c57a68e96ffe9ee80d436204d662c7ec9011c1a45e477fb745f47838f76dfd9f3f9d9755d7ddf3441856355d299650e3736cc7bf65f62636f8d4dc36e9fa113c5da9ee5cd198dc8684c7313eed66c76a7986e4187f472295a1d042ed039d98976db8165bece5b76dd10aff0047e2ae9c62304304277001d9719bc6d3a65de5460dd06aaa3756e03342228b4eadcf3777802ac4b17ab0e3e8d7446a717a38a2a3bcaf9d8f7389b6b7d7459fe62b6f67d338410ca48d8c160d6800782e8f54b52375c2aca4b221403c103ace442e440e0c0aa1d942070440812e81ae7a2217bc954563a925101d028229cf655496749eb12ab9cb07a567b0c5ebe33e57a8f8873c0af63e484020b137e33bf51514d4521d944771e8ce93eea7a9237395a5787976f67dbf49a769b3b33baf23ec1a42010081ae40d40d281a5046e5430d914c77820ad30d51a8426c8a8a5d01f92228cf2baf655a707e967a394b8ff46aa2924179034ba27710e1b2c5a1a7c8d5a71aa09e5a19cf57d5122fc485ca61c650d3be695a6389a736f9eda95c6ddbbba57bf6319896274920d4b083adc2ef59727b97a2bf4d51329a1c27a4f37dc1b3292be4ff002f93643eef7f05e3e57137f355f5789ccd7cb67af3a89c182c43f36ad78d8e6e217c99ae9f67ab65ea9b18b28c6c82d7d40b8f340c7b45f5f140cca46da0409b36d6ba20758df97040c734e5d1176065f82a15c073595821194dc0dd14dcc6c74b951ad1ae77674dfe4868c36d89d3e7740c2013a8f008a2dbdb6f9221a0dc6d6424d7f78bf35110bdb038d9fc56e1cacf18f4c8647749a3a7ae941a2c3d81d4511d9c25172e23dee0bef71291f0ff0057c3e56798c9e3c38b388c51b9c69d9d5c25b725fabaebbdafa8792377b6e4fa2c3aaf199dada7eb2a24e2ef6578e99661efe4d2275df6eb70ff004671c203aa9e3ad3bb5bc15ef3e5c351096bfa278653020301791b29d306dcd62b4f2d2b1c2091d1687469d158eccda36f60fecf3e8b71dafeaba518d97754d6ff008261bdddf9885edc75708887d0f43016303569a6946d7591948037cd10eba05ba02eaa0ba05cc810ca15434cc8185e4a81a49ba01e7b2aa22b04435c82b4e512549eab9cb9ee96bb5605ece2be4fa97b3017b1f28280baa2c4bf8aff00d45654d40dd4d80dca0f57e8861ff63c0a169f5dc333bcd7c9cf6dd9fa9e163e8c70d65cdea0812c102206a06a069411940c76caa9ba2069720824b22c20932d9155e5d906655c96ba34e7b1391ae6383ad646e1f39fa4ee8d61f174827aab7afab5ab8d9ceee4a8ebe96098599a05c2f1b862b93529eaa6c32692ef668edaea62f0d5ed1b5fa7e8c52621419a91e03ed62c5ea8b15eee8bd197a5ce90742aa1bd1ce96b5f53d1e0eb51d736ef96901e046ef8bbb71c178b3f17afbd7cbdfc5e674fcb6f0f7c82aa8eb2922aba4963a9a69da1d0cd19cec734f1057cb9acc797d789df80580389ef595d8205b9dad6b0519d98e0d3da1b710a29990f85f54361c1c76db82063996fd95368c0d751b234793ed2842324eb7f251b35b94f0ff9469236c7d503f5232aee63eee21d66a8dec1dadc510c79e7a7240d19458df3724492485b6d46a519577b5db735a866cf0ef4b9154c3d369e6c46221d244cfb1c60e606268ca08b7785f778bde9a87e73971fea7772d4f41558a6270d2bacc6cb6ec816b05abd750c53cbd7b03c1e830aa1653d2b436c3b6fe24ae311a769963e21d2caaa7e924786185a209584b66dcdc73e4b6c4cb1281b8ad3e21884d5b267a791f781cf3da03959565b9d0df463d26e9be270ba869ffe94d947daaadfa33203a86f32ba52892faeb08c0e1c3b0f86958032181818c8dba0b00bd3b735b26367aadb28217541ba286cc8891b2207e60885cca86e7442124ec812c4eea800441de8140081b270088615111bce8a8ab31449553baae6e67a63206d446d2775ede2be4fa8c776185eb7ca174020b135fad7789514c505bc1289d5b8b53c0df69daf82c64b6aaebc7c7d77887b13182389ac6ecd165f21faed6a08814204281a811034a06940c2d40d31e8a8639a8a8f2a08a4622a07c475dd1552663f2d94565d74472aaae571663ae403aaaaf1cf4a01b1d530ca72976c4ae39212cf32c523ea64ce2c41e4b8f4b94ed4e6ae81d08b8b39ab9444c4acf785ec07149e9dce313b45dab7662a774871f157306bdbdb5d2abb6b7a3cf4a78c7412bdad707d6746ea1d7aaa0beb1b8ef2417d9dcc6c573e4e08bc7e5eee2679acebd9f4b6058d60bd20c2e1c5708a96d5514e3b1237420f16b86ed70e20af8d7c7359d4becd6f131b85a7b1ad36dbb960308595345af73c3740a1a32dc2221cbfc945372e5dfc82d29995d7d38ec8d15ed6fabbf3525a836de4a34536037f25110bc8d7751a31f6d45ec1151e9e7dea866637b937efe0a125b9b7ac8c222e767b8d1549879dfa77a473307a1c6dacd295ce8267daf95926ad3f15f5fd3efecf8dcfa7bbc322e99d5d3639056462f0c27d4e242fa3923b3e753bcbd123f4bd80c910eb5ee84db56d979a29b75c9f2ce9975be953a3cf2f7d33734ad1f8845be6b5f0dcfadb1e8c30fa9f487d25a7c3c3dc20776a50cf65837b95bad5989dbecfe8f747e8704c220c3e8231153c0c0d6b477713e2ba932d4125daaa18e635c82334daa2ecdea2c8132382050510f6928855509a205ba044428540822398b8a214a8219365514e42a24a16eae5a7379a7a4ac61f0e3f1460f642f560b69e1e553a8da1ac6d4440fb417b9f12f5d2c2ac0505997f15de254530941d57a34a0eb71492a88ecc2db0f12bc9cbb6a34fabe958f77eafb3d14af9cfbe6854080281a8110348281b94a0326a802d40c2c544640ba08dc022a271082ad449c822b26b1dc39236e5f172deb09e2a2bc43d3b00708333b431bae0a9649786d2629573d4754e7666f05c2d2e6b35a1e63c918bbd738f2b659c30494ccbc877096831f651a99ccd577bec576a39cf9742ca212521ce3331edd025a773a7d1e3d3559bcaafa3ff00481d27e81f485d2e1efcf4af77f8ba097f0666f78e0ee4e1aae993056f1a979b1722d497d4fd08f48bd1fe9861c2aa80f575007f88a1974963ff00fb0ef0be266e3db1cf7f0fb387915c91dbcb75c003d9d9799e93ada6d72374401b6f82888a40353c4ec8b08e402db6bcd55842f71defa2370417be9e6546c96279d9654848d2f6bec39a291c1a75bf6b8a08dda8bb2ddc0a348cd86a775030db7baa8612dfe8281afdb44624d74547530be92a636cf4d282d9a39002d7b4f020af463b69e7bd76f9abd29fa2babe8cf4a047431ba4c1eb6f250cbbe5f7a271e6cfa2fb7832f5d7f2f879f0fc3bf6f0c89b0bc1a8a02fa97896a72e91f0bad61874e6eb713f87235394999ad19731d0772de9e17d8ffd8a7a18da2e874d8dcccfbdae7e58c9dc319cbc4ab0b0fa3ada2d043184431cc28186e114b985ac886d82aa6b9ba281020332a85bdc72442a01108a8330503510d25110cc420a72e8d55251b39a39bc57d20d7453749ea1b9afd585da5e79f2abd14c50cb3965f41a2f7e29dc3e572e9a75975d5e02dd0599bf15de2565a46e447a77a3dc39d4b81095e2cf9ce6f2e0be5f26dbb3f4be9b8ba71efeee8aeb83de0201016409950194204281a81150d40c72088a08dce684554924b928a8263d93a22b1ea83ee75b6aa34e6f1b6917d4234f12f4dd69702963235ccb9de525e2382d167ae11b07ada05ce2ae3d4efe3e880a6c2dd348dbc96b9574d4c767175f275955906dc9261ceb3dd563a022a6c7c6eaf5766ba376d3a2c3aac3982027b4340ae08df77bb93935118e3d8ce90e01f68609a003ad60b1ef0bd2f0b73a115b5584c6caba795d15430efb6dc16751252663bc3d8b01f4bd81ceea7a7c52f4b34ba75e7f0f3792f97c9e06bbd1f5707a87b5ff00ddde47345242d7b1d99845d8f6ea08e60af9930fa5078cb96dc39a812417f578ea7c12485795a437f2f0469164d392a2304977e50b2e8909b0b0d9084445c9cbe6b2da3b92e36b1211519001b8ed13bf723469dbb5ba81afef4431d7f871411c9269a7ace5599846fb31d606e56dce615b1ec12871fc166c32af4120fb99bda8a4b68f6feebd3832f4cede4cd8a2d1a7cafd29e8ee2982e255187624c2daaa7796bcee1c38381e446abebe2bee7f57cde463d638fc30b0fc32b6bb108e0823738c8e0c6db99365da61f3dfa37e883a2bff00a73a0785e167d78606e7fd4e1728dbb20ab2102a042d08237461030c642061042a184940999db140e08875d02e8882ca86beca21b7550c2821910549b923364555208692493dd693f2561897cbd8d637d763d884a5daba470017a6d0f3ba5e8050c823eb9e3d6d57af146a1f2f9791daaeaf9c2e82dca3ef5de2565a3a8e964abad8a9dbeb48e0166d6d4378e9d56d3d9a8e9c53d24508d98d017c699dcbf614af4d7494a280101640201034a06a0440d2150d3640d790822714103dc8aab2b8234a93ca46aa2b2ab24d0ebaa4ab97c6e7bdd65b7877a62aaebe9cd2b0f6ddc166ce7779a74770f7b6ac4cdde2e0b50e50f47a9c5a9ea7050c0efbfb59ed52d0dccbcdb15a091b52646b3b3be8ae9ce6a5a26f58dfbdec9e0579b3f68ecf770756b7737a8a886a448386a085df1cc69e4cbbea997438557475191b31b3efda5d76cc59e8941e8fa8712c0cd4c166549d5b6d8f8ae75b69d291b870bd2fc1f17a331c552c2321dc7f15a9b31921ade8efd28e2d814ada5a80eadc287af038f699f9a327e8bc5cac35b77f77ab87c9b53b7b3ddba398e6178fe1e711c2a713d35f211eabdaff0075ede0be65f14d3cbedd32d6f1d9a2465f1f68ac34824bb8e63fed51a832465c68822733872dd496a251e769bbf969aecb2d8bf66ee1a9e1b7c51431a00206dcf9a2cca191adbf872595894521ed6a6fc91a844e91d7d51439d7b9e5b9e08c981a1bda77ae7655250c9e3a7028cc9ad96c7bb9ae912e530e5bd267a3da4e96d0b2a21ec6314ad3d591fe6b3fedbbbc7b257bf8d9ba67bbc3c9c5);
INSERT INTO `student` (`xh`, `xm`, `xb`, `cssj`, `zy_id`, `zxf`, `bz`, `zp`) VALUES
('071003', '王五', '\0', '1989-10-06 00:00:00', 1, 50, NULL, NULL),
('071004', '赵六', '', '1990-08-26 00:00:00', 1, 5, NULL, NULL);

-- --------------------------------------------------------

--
-- 表的结构 `studentcourse`
--

CREATE TABLE `studentcourse` (
  `xh` char(6) character set gbk NOT NULL default '',
  `kch` char(3) character set gbk NOT NULL default '',
  PRIMARY KEY  (`xh`,`kch`),
  KEY `FK_xskcb_kch` (`kch`)
) ENGINE=InnoDB DEFAULT CHARSET=utf8 COMMENT='学生课程表';

--
-- 导出表中的数据 `studentcourse`
--


--
-- 限制导出的表
--

--
-- 限制表 `score`
--
ALTER TABLE `score`
  ADD CONSTRAINT `FK_cj_kc` FOREIGN KEY (`kch`) REFERENCES `course` (`kch`);

--
-- 限制表 `student`
--
ALTER TABLE `student`
  ADD CONSTRAINT `FK_xs_zy` FOREIGN KEY (`zy_id`) REFERENCES `special` (`Id`);

--
-- 限制表 `studentcourse`
--
ALTER TABLE `studentcourse`
  ADD CONSTRAINT `FK_xskc_kc` FOREIGN KEY (`kch`) REFERENCES `course` (`kch`),
  ADD CONSTRAINT `FK_xskc_xs` FOREIGN KEY (`xh`) REFERENCES `student` (`xh`);
